Global climate model output (irradiance and temperature shared by all dwellings),,,,,,,,"ARMA Model Output, parameter: aTemperatureYearlyArray",,,,,,,
Time of day,Clearness Index,Clear sky beam radiation at surface (plane tracking sun),Outdoor global radiation (horizontal),Outdoor temperature,,,,Day Of Year,Array 1,Array 2,Array 3,Array 4,Array 5,Array 6,Array 7
,,"Go, clearsky",Go,θo,,,,,,,,,,,
,,Wm-2,Wm-2,°C,,,,1,,,,,,,
00:00:00,1,0,0,0,,,,2,,,,,,,
00:01:00,1,0,0,0,,,,3,,,,,,,
00:02:00,1,0,0,0,,,,4,,,,,,,
00:03:00,1,0,0,0,,,,5,,,,,,,
00:04:00,1,0,0,0,,,,6,,,,,,,
00:05:00,1,0,0,0,,,,7,,,,,,,
00:06:00,1,0,0,0,,,,8,,,,,,,
00:07:00,1,0,0,0,,,,9,,,,,,,
00:08:00,1,0,0,0,,,,10,,,,,,,
00:09:00,0.99,0,0,0,,,,11,,,,,,,
00:10:00,0.67,0,0,0,,,,12,,,,,,,
00:11:00,0.68,0,0,0,,,,13,,,,,,,
00:12:00,0.62,0,0,0,,,,14,,,,,,,
00:13:00,0.59,0,0,0,,,,15,,,,,,,
00:14:00,0.56,0,0,0,,,,16,,,,,,,
00:15:00,0.44,0,0,0,,,,17,,,,,,,
00:16:00,0.46,0,0,0,,,,18,,,,,,,
00:17:00,0.49,0,0,0,,,,19,,,,,,,
00:18:00,0.5,0,0,0,,,,20,,,,,,,
00:19:00,0.89,0,0,0,,,,21,,,,,,,
00:20:00,0.89,0,0,0,,,,22,,,,,,,
00:21:00,0.88,0,0,0,,,,23,,,,,,,
00:22:00,0.92,0,0,0,,,,24,,,,,,,
00:23:00,0.93,0,0,0,,,,25,,,,,,,
00:24:00,0.93,0,0,0,,,,26,,,,,,,
00:25:00,0.95,0,0,0,,,,27,,,,,,,
00:26:00,0.92,0,0,0,,,,28,,,,,,,
00:27:00,0.91,0,0,0,,,,29,,,,,,,
00:28:00,0.42,0,0,0,,,,30,,,,,,,
00:29:00,0.6,0,0,0,,,,31,,,,,,,
00:30:00,0.7,0,0,0,,,,32,,,,,,,
00:31:00,0.52,0,0,0,,,,33,,,,,,,
00:32:00,0.83,0,0,0,,,,34,,,,,,,
00:33:00,0.83,0,0,0,,,,35,,,,,,,
00:34:00,0.83,0,0,0,,,,36,,,,,,,
00:35:00,0.83,0,0,0,,,,37,,,,,,,
00:36:00,0.8,0,0,0,,,,38,,,,,,,
00:37:00,0.8,0,0,0,,,,39,,,,,,,
00:38:00,0.81,0,0,0,,,,40,,,,,,,
00:39:00,0.82,0,0,0,,,,41,,,,,,,
00:40:00,0.86,0,0,0,,,,42,,,,,,,
00:41:00,0.85,0,0,0,,,,43,,,,,,,
00:42:00,0.85,0,0,0,,,,44,,,,,,,
00:43:00,0.79,0,0,0,,,,45,,,,,,,
00:44:00,0.69,0,0,0,,,,46,,,,,,,
00:45:00,0.61,0,0,0,,,,47,,,,,,,
00:46:00,0.93,0,0,0,,,,48,,,,,,,
00:47:00,0.93,0,0,0,,,,49,,,,,,,
00:48:00,0.93,0,0,0,,,,50,,,,,,,
00:49:00,0.93,0,0,0,,,,51,,,,,,,
00:50:00,0.59,0,0,0,,,,52,,,,,,,
00:51:00,0.7,0,0,0,,,,53,,,,,,,
00:52:00,0.53,0,0,0,,,,54,,,,,,,
00:53:00,0.85,0,0,0,,,,55,,,,,,,
00:54:00,0.85,0,0,0,,,,56,,,,,,,
00:55:00,0.99,0,0,0,,,,57,,,,,,,
00:56:00,0.98,0,0,0,,,,58,,,,,,,
00:57:00,0.99,0,0,0,,,,59,,,,,,,
00:58:00,1,0,0,0,,,,60,,,,,,,
00:59:00,0.54,0,0,0,,,,61,,,,,,,
01:00:00,0.54,0,0,0,,,,62,,,,,,,
01:01:00,0.54,0,0,0,,,,63,,,,,,,
01:02:00,0.56,0,0,0,,,,64,,,,,,,
01:03:00,0.78,0,0,0,,,,65,,,,,,,
01:04:00,0.78,0,0,0,,,,66,,,,,,,
01:05:00,0.75,0,0,0,,,,67,,,,,,,
01:06:00,0.76,0,0,0,,,,68,,,,,,,
01:07:00,0.76,0,0,0,,,,69,,,,,,,
01:08:00,0.71,0,0,0,,,,70,,,,,,,
01:09:00,0.53,0,0,0,,,,71,,,,,,,
01:10:00,0.45,0,0,0,,,,72,,,,,,,
01:11:00,0.33,0,0,0,,,,73,,,,,,,
01:12:00,0.36,0,0,0,,,,74,,,,,,,
01:13:00,0.35,0,0,0,,,,75,,,,,,,
01:14:00,0.42,0,0,0,,,,76,,,,,,,
01:15:00,0.39,0,0,0,,,,77,,,,,,,
01:16:00,0.41,0,0,0,,,,78,,,,,,,
01:17:00,0.51,0,0,0,,,,79,,,,,,,
01:18:00,0.51,0,0,0,,,,80,,,,,,,
01:19:00,0.43,0,0,0,,,,81,,,,,,,
01:20:00,0.38,0,0,0,,,,82,,,,,,,
01:21:00,0.53,0,0,0,,,,83,,,,,,,
01:22:00,0.55,0,0,0,,,,84,,,,,,,
01:23:00,0.55,0,0,0,,,,85,,,,,,,
01:24:00,0.55,0,0,0,,,,86,,,,,,,
01:25:00,1,0,0,0,,,,87,,,,,,,
01:26:00,1,0,0,0,,,,88,,,,,,,
01:27:00,1,0,0,0,,,,89,,,,,,,
01:28:00,1,0,0,0,,,,90,,,,,,,
01:29:00,1,0,0,0,,,,91,,,,,,,
01:30:00,1,0,0,0,,,,92,,,,,,,
01:31:00,0.72,0,0,0,,,,93,,,,,,,
01:32:00,0.7,0,0,0,,,,94,,,,,,,
01:33:00,0.69,0,0,0,,,,95,,,,,,,
01:34:00,0.78,0,0,0,,,,96,,,,,,,
01:35:00,0.92,0,0,0,,,,97,,,,,,,
01:36:00,0.95,0,0,0,,,,98,,,,,,,
01:37:00,0.73,0,0,0,,,,99,,,,,,,
01:38:00,0.74,0,0,0,,,,100,,,,,,,
01:39:00,0.75,0,0,0,,,,101,,,,,,,
01:40:00,0.65,0,0,0,,,,102,,,,,,,
01:41:00,0.86,0,0,0,,,,103,,,,,,,
01:42:00,0.86,0,0,0,,,,104,,,,,,,
01:43:00,0.85,0,0,0,,,,105,,,,,,,
01:44:00,0.86,0,0,0,,,,106,,,,,,,
01:45:00,0.86,0,0,0,,,,107,,,,,,,
01:46:00,0.86,0,0,0,,,,108,,,,,,,
01:47:00,0.85,0,0,0,,,,109,,,,,,,
01:48:00,0.84,0,0,0,,,,110,,,,,,,
01:49:00,0.84,0,0,0,,,,111,,,,,,,
01:50:00,0.86,0,0,0,,,,112,,,,,,,
01:51:00,0.89,0,0,0,,,,113,,,,,,,
01:52:00,0.84,0,0,0,,,,114,,,,,,,
01:53:00,0.35,0,0,0,,,,115,,,,,,,
01:54:00,0.34,0,0,0,,,,116,,,,,,,
01:55:00,0.34,0,0,0,,,,117,,,,,,,
01:56:00,0.35,0,0,0,,,,118,,,,,,,
01:57:00,0.35,0,0,0,,,,119,,,,,,,
01:58:00,0.32,0,0,0,,,,120,,,,,,,
01:59:00,0.31,0,0,0,,,,121,,,,,,,
02:00:00,0.31,0,0,0,,,,122,,,,,,,
02:01:00,0.31,0,0,0,,,,123,,,,,,,
02:02:00,0.31,0,0,0,,,,124,,,,,,,
02:03:00,0.76,0,0,0,,,,125,,,,,,,
02:04:00,0.76,0,0,0,,,,126,,,,,,,
02:05:00,0.76,0,0,0,,,,127,,,,,,,
02:06:00,0.77,0,0,0,,,,128,,,,,,,
02:07:00,0.76,0,0,0,,,,129,,,,,,,
02:08:00,0.76,0,0,0,,,,130,,,,,,,
02:09:00,0.76,0,0,0,,,,131,,,,,,,
02:10:00,0.76,0,0,0,,,,132,,,,,,,
02:11:00,0.76,0,0,0,,,,133,,,,,,,
02:12:00,0.59,0,0,0,,,,134,,,,,,,
02:13:00,0.49,0,0,0,,,,135,,,,,,,
02:14:00,0.44,0,0,0,,,,136,,,,,,,
02:15:00,0.68,0,0,0,,,,137,,,,,,,
02:16:00,0.62,0,0,0,,,,138,,,,,,,
02:17:00,0.66,0,0,0,,,,139,,,,,,,
02:18:00,0.64,0,0,0,,,,140,,,,,,,
02:19:00,0.61,0,0,0,,,,141,,,,,,,
02:20:00,0.63,0,0,0,,,,142,,,,,,,
02:21:00,0.64,0,0,0,,,,143,,,,,,,
02:22:00,0.65,0,0,0,,,,144,,,,,,,
02:23:00,0.51,0,0,0,,,,145,,,,,,,
02:24:00,0.5,0,0,0,,,,146,,,,,,,
02:25:00,0.48,0,0,0,,,,147,,,,,,,
02:26:00,0.48,0,0,0,,,,148,,,,,,,
02:27:00,0.51,0,0,0,,,,149,,,,,,,
02:28:00,0.42,0,0,0,,,,150,,,,,,,
02:29:00,0.35,0,0,0,,,,151,,,,,,,
02:30:00,0.35,0,0,0,,,,152,,,,,,,
02:31:00,0.35,0,0,0,,,,153,,,,,,,
02:32:00,0.31,0,0,0,,,,154,,,,,,,
02:33:00,0.33,0,0,0,,,,155,,,,,,,
02:34:00,0.31,0,0,0,,,,156,,,,,,,
02:35:00,0.31,0,0,0,,,,157,,,,,,,
02:36:00,0.29,0,0,0,,,,158,,,,,,,
02:37:00,0.3,0,0,0,,,,159,,,,,,,
02:38:00,0.3,0,0,0,,,,160,,,,,,,
02:39:00,0.29,0,0,0,,,,161,,,,,,,
02:40:00,0.31,0,0,0,,,,162,,,,,,,
02:41:00,0.32,0,0,0,,,,163,,,,,,,
02:42:00,0.39,0,0,0,,,,164,,,,,,,
02:43:00,0.43,0,0,0,,,,165,,,,,,,
02:44:00,0.28,0,0,0,,,,166,,,,,,,
02:45:00,0.28,0,0,0,,,,167,,,,,,,
02:46:00,0.28,0,0,0,,,,168,,,,,,,
02:47:00,0.34,0,0,0,,,,169,,,,,,,
02:48:00,0.35,0,0,0,,,,170,,,,,,,
02:49:00,0.38,0,0,0,,,,171,,,,,,,
02:50:00,0.3,0,0,0,,,,172,,,,,,,
02:51:00,0.31,0,0,0,,,,173,,,,,,,
02:52:00,0.34,0,0,0,,,,174,,,,,,,
02:53:00,0.33,0,0,0,,,,175,,,,,,,
02:54:00,0.37,0,0,0,,,,176,,,,,,,
02:55:00,0.4,0,0,0,,,,177,,,,,,,
02:56:00,0.34,0,0,0,,,,178,,,,,,,
02:57:00,0.29,0,0,0,,,,179,,,,,,,
02:58:00,0.29,0,0,0,,,,180,,,,,,,
02:59:00,0.3,0,0,0,,,,181,,,,,,,
03:00:00,0.3,0,0,0,,,,182,,,,,,,
03:01:00,0.32,0,0,0,,,,183,,,,,,,
03:02:00,0.32,0,0,0,,,,184,,,,,,,
03:03:00,0.33,0,0,0,,,,185,,,,,,,
03:04:00,0.37,0,0,0,,,,186,,,,,,,
03:05:00,0.37,0,0,0,,,,187,,,,,,,
03:06:00,0.36,0,0,0,,,,188,,,,,,,
03:07:00,0.36,0,0,0,,,,189,,,,,,,
03:08:00,0.33,0,0,0,,,,190,,,,,,,
03:09:00,0.38,0,0,0,,,,191,,,,,,,
03:10:00,0.37,0,0,0,,,,192,,,,,,,
03:11:00,0.38,0,0,0,,,,193,,,,,,,
03:12:00,0.38,0,0,0,,,,194,,,,,,,
03:13:00,0.36,0,0,0,,,,195,,,,,,,
03:14:00,0.38,0,0,0,,,,196,,,,,,,
03:15:00,0.37,0,0,0,,,,197,,,,,,,
03:16:00,0.94,0,0,0,,,,198,,,,,,,
03:17:00,1,0,0,0,,,,199,,,,,,,
03:18:00,1,0,0,0,,,,200,,,,,,,
03:19:00,1,0,0,0,,,,201,,,,,,,
03:20:00,1,0,0,0,,,,202,,,,,,,
03:21:00,1,0,0,0,,,,203,,,,,,,
03:22:00,1,0,0,0,,,,204,,,,,,,
03:23:00,1,0,0,0,,,,205,,,,,,,
03:24:00,0.99,0,0,0,,,,206,,,,,,,
03:25:00,0.99,0,0,0,,,,207,,,,,,,
03:26:00,0.67,0,0,0,,,,208,,,,,,,
03:27:00,0.65,0,0,0,,,,209,,,,,,,
03:28:00,0.73,0,0,0,,,,210,,,,,,,
03:29:00,0.8,0,0,0,,,,211,,,,,,,
03:30:00,0.8,0,0,0,,,,212,,,,,,,
03:31:00,0.92,0,0,0,,,,213,,,,,,,
03:32:00,0.93,0,0,0,,,,214,,,,,,,
03:33:00,0.94,0,0,0,,,,215,,,,,,,
03:34:00,0.94,0,0,0,,,,216,,,,,,,
03:35:00,0.85,0,0,0,,,,217,,,,,,,
03:36:00,0.85,0,0,0,,,,218,,,,,,,
03:37:00,0.99,0,0,0,,,,219,,,,,,,
03:38:00,0.98,0,0,0,,,,220,,,,,,,
03:39:00,0.96,0,0,0,,,,221,,,,,,,
03:40:00,0.96,0,0,0,,,,222,,,,,,,
03:41:00,0.65,0,0,0,,,,223,,,,,,,
03:42:00,0.68,0,0,0,,,,224,,,,,,,
03:43:00,0.9,0,0,0,,,,225,,,,,,,
03:44:00,0.47,0,0,0,,,,226,,,,,,,
03:45:00,0.46,0,0,0,,,,227,,,,,,,
03:46:00,0.5,0,0,0,,,,228,,,,,,,
03:47:00,0.49,0,0,0,,,,229,,,,,,,
03:48:00,0.41,0,0,0,,,,230,,,,,,,
03:49:00,0.41,0,0,0,,,,231,,,,,,,
03:50:00,0.52,0,0,0,,,,232,,,,,,,
03:51:00,0.55,0,0,0,,,,233,,,,,,,
03:52:00,0.76,0,0,0,,,,234,,,,,,,
03:53:00,0.68,0,0,0,,,,235,,,,,,,
03:54:00,0.66,0,0,0,,,,236,,,,,,,
03:55:00,0.66,0,0,0,,,,237,,,,,,,
03:56:00,0.62,0,0,0,,,,238,,,,,,,
03:57:00,0.42,0,0,0,,,,239,,,,,,,
03:58:00,0.41,0,0,0,,,,240,,,,,,,
03:59:00,0.43,0,0,0,,,,241,,,,,,,
04:00:00,0.41,0,0,0,,,,242,,,,,,,
04:01:00,0.34,0,0,0,,,,243,,,,,,,
04:02:00,0.34,0,0,0,,,,244,,,,,,,
04:03:00,0.33,0,0,0,,,,245,,,,,,,
04:04:00,0.32,0,0,0,,,,246,,,,,,,
04:05:00,0.32,0,0,0,,,,247,,,,,,,
04:06:00,0.28,0,0,0,,,,248,,,,,,,
04:07:00,0.29,0,0,0,,,,249,,,,,,,
04:08:00,0.3,0,0,0,,,,250,,,,,,,
04:09:00,0.3,0,0,0,,,,251,,,,,,,
04:10:00,0.3,0,0,0,,,,252,,,,,,,
04:11:00,0.31,0,0,0,,,,253,,,,,,,
04:12:00,0.31,0,0,0,,,,254,,,,,,,
04:13:00,0.26,0,0,0,,,,255,,,,,,,
04:14:00,0.29,0,0,0,,,,256,,,,,,,
04:15:00,0.28,0,0,0,,,,257,,,,,,,
04:16:00,0.33,0,0,0,,,,258,,,,,,,
04:17:00,0.34,0,0,0,,,,259,,,,,,,
04:18:00,0.36,0,0,0,,,,260,,,,,,,
04:19:00,0.4,0,0,0,,,,261,,,,,,,
04:20:00,0.39,0,0,0,,,,262,,,,,,,
04:21:00,0.44,0,0,0,,,,263,,,,,,,
04:22:00,0.46,0,0,0,,,,264,,,,,,,
04:23:00,0.55,0,0,0,,,,265,,,,,,,
04:24:00,0.58,0,0,0,,,,266,,,,,,,
04:25:00,0.42,0,0,0,,,,267,,,,,,,
04:26:00,0.42,0,0,0,,,,268,,,,,,,
04:27:00,0.4,0,0,0,,,,269,,,,,,,
04:28:00,0.4,0,0,0,,,,270,,,,,,,
04:29:00,0.45,0,0,0,,,,271,,,,,,,
04:30:00,0.74,0,0,0,,,,272,,,,,,,
04:31:00,0.63,0,0,0,,,,273,,,,,,,
04:32:00,0.69,0,0,0,,,,274,,,,,,,
04:33:00,0.36,0,0,0,,,,275,,,,,,,
04:34:00,0.37,0,0,0,,,,276,,,,,,,
04:35:00,0.37,0,0,0,,,,277,,,,,,,
04:36:00,0.42,0,0,0,,,,278,,,,,,,
04:37:00,0.41,0,0,0,,,,279,,,,,,,
04:38:00,0.37,0,0,0,,,,280,,,,,,,
04:39:00,0.45,0,0,0,,,,281,,,,,,,
04:40:00,0.46,0,0,0,,,,282,,,,,,,
04:41:00,0.47,0,0,0,,,,283,,,,,,,
04:42:00,0.45,0,0,0,,,,284,,,,,,,
04:43:00,0.44,0,0,0,,,,285,,,,,,,
04:44:00,0.47,0,0,0,,,,286,,,,,,,
04:45:00,0.49,0,0,0,,,,287,,,,,,,
04:46:00,0.45,0,0,0,,,,288,,,,,,,
04:47:00,0.45,0,0,0,,,,289,,,,,,,
04:48:00,0.48,0,0,0,,,,290,,,,,,,
04:49:00,0.48,0,0,0,,,,291,,,,,,,
04:50:00,0.48,0,0,0,,,,292,,,,,,,
04:51:00,0.48,0,0,0,,,,293,,,,,,,
04:52:00,0.48,0,0,0,,,,294,,,,,,,
04:53:00,0.45,0,0,0,,,,295,,,,,,,
04:54:00,0.44,0,0,0,,,,296,,,,,,,
04:55:00,0.36,0,0,0,,,,297,,,,,,,
04:56:00,0.37,0,0,0,,,,298,,,,,,,
04:57:00,0.38,0,0,0,,,,299,,,,,,,
04:58:00,0.4,0,0,0,,,,300,,,,,,,
04:59:00,0.59,0,0,0,,,,301,,,,,,,
05:00:00,0.59,0,0,0,,,,302,,,,,,,
05:01:00,0.79,0,0,0,,,,303,,,,,,,
05:02:00,0.78,0,0,0,,,,304,,,,,,,
05:03:00,0.79,0,0,0,,,,305,,,,,,,
05:04:00,0.6,0,0,0,,,,306,,,,,,,
05:05:00,0.56,0,0,0,,,,307,,,,,,,
05:06:00,0.52,0,0,0,,,,308,,,,,,,
05:07:00,0.57,0,0,0,,,,309,,,,,,,
05:08:00,0.59,0,0,0,,,,310,,,,,,,
05:09:00,0.7,0,0,0,,,,311,,,,,,,
05:10:00,1,0,0,0,,,,312,,,,,,,
05:11:00,1,0,0,0,,,,313,,,,,,,
05:12:00,1,0,0,0,,,,314,,,,,,,
05:13:00,1,0,0,0,,,,315,,,,,,,
05:14:00,1,0,0,0,,,,316,,,,,,,
05:15:00,1,0,0,0,,,,317,,,,,,,
05:16:00,1,0,0,0,,,,318,,,,,,,
05:17:00,0.96,0,0,0,,,,319,,,,,,,
05:18:00,0.97,0,0,0,,,,320,,,,,,,
05:19:00,0.9,0,0,0,,,,321,,,,,,,
05:20:00,0.64,0,0,0,,,,322,,,,,,,
05:21:00,0.53,0,0,0,,,,323,,,,,,,
05:22:00,0.56,0,0,0,,,,324,,,,,,,
05:23:00,0.58,0,0,0,,,,325,,,,,,,
05:24:00,0.38,0,0,0,,,,326,,,,,,,
05:25:00,0.36,0,0,0,,,,327,,,,,,,
05:26:00,0.41,0,0,0,,,,328,,,,,,,
05:27:00,0.41,0,0,0,,,,329,,,,,,,
05:28:00,0.41,0,0,0,,,,330,,,,,,,
05:29:00,0.41,0,0,0,,,,331,,,,,,,
05:30:00,0.45,0,0,0,,,,332,,,,,,,
05:31:00,0.45,0,0,0,,,,333,,,,,,,
05:32:00,0.48,0,0,0,,,,334,,,,,,,
05:33:00,0.38,0,0,0,,,,335,,,,,,,
05:34:00,0.39,0,0,0,,,,336,,,,,,,
05:35:00,0.4,0,0,0,,,,337,,,,,,,
05:36:00,0.4,0,0,0,,,,338,,,,,,,
05:37:00,0.34,0,0,0,,,,339,,,,,,,
05:38:00,0.33,0,0,0,,,,340,,,,,,,
05:39:00,0.32,0,0,0,,,,341,,,,,,,
05:40:00,0.33,0,0,0,,,,342,,,,,,,
05:41:00,0.3,0,0,0,,,,343,,,,,,,
05:42:00,0.27,0,0,0,,,,344,,,,,,,
05:43:00,0.25,0,0,0,,,,345,,,,,,,
05:44:00,0.25,0,0,0,,,,346,,,,,,,
05:45:00,0.23,0,0,0,,,,347,,,,,,,
05:46:00,0.25,0,0,0,,,,348,,,,,,,
05:47:00,0.22,0,0,0,,,,349,,,,,,,
05:48:00,0.21,0,0,0,,,,350,,,,,,,
05:49:00,0.25,0,0,0,,,,351,,,,,,,
05:50:00,0.27,0,0,0,,,,352,,,,,,,
05:51:00,0.26,0,0,0,,,,353,,,,,,,
05:52:00,0.26,6.024532852546927e-21,5.996304119435523e-24,0,,,,354,,,,,,,
05:53:00,0.25,3.4748404431841005e-09,6.702931285814844e-12,0,,,,355,,,,,,,
05:54:00,0.24,0.0022654899451693506,8.42554505117075e-06,0,,,,356,,,,,,,
05:55:00,0.23,0.03256367254055181,0.0001452124126338763,0,,,,357,,,,,,,
05:56:00,0.24,0.19206989303790192,0.00107322489313797,0,,,,358,,,,,,,
05:57:00,0.26,0.6815308424852388,0.004815678146444795,0,,,,359,,,,,,,
05:58:00,0.27,1.760878356450925,0.014773170924809434,0,,,,360,,,,,,,
05:59:00,0.24,3.682940389881657,0.03091010781789304,0,,,,361,,,,,,,
06:00:00,0.24,6.64440803890378,0.06198123606855979,0,,,,362,,,,,,,
06:01:00,0.25,10.765844775394662,0.11510606541377265,0,,,,363,,,,,,,
06:02:00,0.25,16.09356104149642,0.18775991910013962,0,,,,364,,,,,,,
06:03:00,0.25,22.612668348060055,0.2858685585986414,0,,,,365,,,,,,,
06:04:00,0.23,30.263453808080175,0.37913911579723997,0,,,,,,,,,,,
06:05:00,0.22,38.95677540915579,0.5002725299947028,0,,,,,,,,,,,
06:06:00,0.21,48.586707728736094,0.6353972239213009,0,,,,,,,,,,,
06:07:00,0.19,59.040086721423236,0.7423538584418058,0,,,,,,,,,,,
06:08:00,0.2,70.20325930227858,0.9839855371426203,0,,,,,,,,,,,
06:09:00,0.22,81.9665694842098,1.3341493777168334,0,,,,,,,,,,,
06:10:00,0.22,94.22712746185485,1.614648003409666,0,,,,,,,,,,,
06:11:00,0.22,106.89033571520251,1.9234596106270934,0,,,,,,,,,,,
06:12:00,0.23,119.87054994509994,2.3627345030787894,0,,,,,,,,,,,
06:13:00,0.26,133.09116073294646,3.1006130780416687,0,,,,,,,,,,,
06:14:00,0.26,146.48430459820227,3.5613470609151303,0,,,,,,,,,,,
06:15:00,0.26,159.99035250917453,4.052131232094773,0,,,,,,,,,,,
06:16:00,0.25,173.5572782663855,4.3960910480657684,0,,,,,,,,,,,
06:17:00,0.24,187.13997579484098,4.725880178313697,0,,,,,,,,,,,
06:18:00,0.23,200.69957048834007,5.037332994574505,0,,,,,,,,,,,
06:19:00,0.23,214.20275295783816,5.568562513761603,0,,,,,,,,,,,
06:20:00,0.23,227.6211519370373,6.12173462540352,0,,,,,,,,,,,
06:21:00,0.22,240.93075523003253,6.404817236019515,0,,,,,,,,,,,
06:22:00,0.24,254.11138236079813,7.607283502133441,0,,,,,,,,,,,
06:23:00,0.26,267.14620920895493,8.934938115511489,0,,,,,,,,,,,
06:24:00,0.24,280.02134281998224,8.907265546675648,0,,,,,,,,,,,
06:25:00,0.26,292.7254433544708,10.384121119590677,0,,,,,,,,,,,
06:26:00,0.29,305.249389504022,12.422954506298709,0,,,,,,,,,,,
06:27:00,0.31,317.58598345067037,14.200152617404088,0,,,,,,,,,,,
06:28:00,0.31,329.72969144374355,15.141443310499968,0,,,,,,,,,,,
06:29:00,0.28,341.67641621765864,14.544347292736022,0,,,,,,,,,,,
06:30:00,0.27,353.4232977117116,14.878707791919119,0,,,,,,,,,,,
06:31:00,0.26,364.96853883543895,15.165112864770533,0,,,,,,,,,,,
06:32:00,0.23,376.311253322145,14.169062910703104,0,,,,,,,,,,,
06:33:00,0.2,387.4513330108805,12.987132076453452,0,,,,,,,,,,,
06:34:00,0.2,398.38933218230255,13.663625456396705,0,,,,,,,,,,,
06:35:00,0.19,409.1263668403503,13.632458343728503,0,,,,,,,,,,,
06:36:00,0.19,419.6640270762282,14.293411304469814,0,,,,,,,,,,,
06:37:00,0.18,430.00430087292324,14.175392909135594,0,,,,,,,,,,,
06:38:00,0.18,440.1495079074416,14.817408416361246,0,,,,,,,,,,,
06:39:00,0.17,450.1022420853766,14.60756866883485,0,,,,,,,,,,,
06:40:00,0.16,459.86532169959014,14.331874904577209,0,,,,,,,,,,,
06:41:00,0.15,469.44174624362137,13.988889641700757,0,,,,,,,,,,,
06:42:00,0.15,478.8346590324567,14.547057855159093,0,,,,,,,,,,,
06:43:00,0.16,488.0473148904938,16.11776423802759,0,,,,,,,,,,,
06:44:00,0.15,497.0830522603164,15.67870474875936,0,,,,,,,,,,,
06:45:00,0.14,505.94526916799873,15.168296787785303,0,,,,,,,,,,,
06:46:00,0.15,514.6374025523288,16.829324906675165,0,,,,,,,,,,,
06:47:00,0.13,523.1629105279421,15.089744762575048,0,,,,,,,,,,,
06:48:00,0.12,531.5252572069456,14.397852867192817,0,,,,,,,,,,,
06:49:00,0.12,539.7278997512581,14.869889162168098,0,,,,,,,,,,,
06:50:00,0.12,547.7742773693975,15.344966093012191,0,,,,,,,,,,,
06:51:00,0.12,555.667802007697,15.822951310117165,0,,,,,,,,,,,
06:52:00,0.11,563.4118505174769,14.945074636029744,0,,,,,,,,,,,
06:53:00,0.14,578.4648129133243,20.151963280743345,0,,,,,,,,,,,
06:54:00,0.13,585.7802515421758,19.24163441063945,0,,,,,,,,,,,
06:55:00,0.12,592.9592554582415,18.25222713458214,0,,,,,,,,,,,
06:56:00,0.13,600.004948104297,20.30725939627814,0,,,,,,,,,,,
06:57:00,0.14,606.9203926575522,22.4469169584811,0,,,,,,,,,,,
06:58:00,0.14,613.708590335795,23.026834349538362,0,,,,,,,,,,,
06:59:00,0.13,620.372479178894,21.922642729021984,0,,,,,,,,,,,
07:00:00,0.14,626.9149332402626,24.193308824233863,0,,,,,,,,,,,
07:01:00,0.15,633.3387621310716,26.54963602157335,0,,,,,,,,,,,
07:02:00,0.15,639.6467108671411,27.179953760459817,0,,,,,,,,,,,
07:03:00,0.13,645.8414599747271,24.103954140909725,0,,,,,,,,,,,
07:04:00,0.11,651.9256258168907,20.860723961466423,0,,,,,,,,,,,
07:05:00,0.11,657.9017611069755,21.327108509086244,0,,,,,,,,,,,
07:06:00,0.13,663.7723555799126,25.757420571846716,0,,,,,,,,,,,
07:07:00,0.15,669.539836795804,30.359393738408947,0,,,,,,,,,,,
07:08:00,0.13,675.2065710534557,26.866852868191298,0,,,,,,,,,,,
07:09:00,0.11,680.774864394408,23.20448651977099,0,,,,,,,,,,,
07:10:00,0.1,686.2469636804927,21.524076177258944,0,,,,,,,,,,,
07:11:00,0.09,691.6250577301581,19.758621288398043,0,,,,,,,,,,,
07:12:00,0.09,696.9112785007192,20.14630218667268,0,,,,,,,,,,,
07:13:00,0.08,702.1077023054034,18.253037899391288,0,,,,,,,,,,,
07:14:00,0.08,707.216351055521,18.59882250188507,0,,,,,,,,,,,
07:15:00,0.08,712.2391935194305,18.94514145114812,0,,,,,,,,,,,
07:16:00,0.09,717.1781465910832,21.703454185916705,0,,,,,,,,,,,
07:17:00,0.07,722.0350765619651,17.184336323733998,0,,,,,,,,,,,
07:18:00,0.06,726.8118003911169,14.990215994160058,0,,,,,,,,,,,
07:19:00,0.06,731.5100869687068,15.251299601230576,0,,,,,,,,,,,
07:20:00,0.06,736.1316583692925,15.51265818368745,0,,,,,,,,,,,
07:21:00,0.06,740.678191091524,15.774268604186801,0,,,,,,,,,,,
07:22:00,0.06,745.1513172815462,16.036108333886645,0,,,,,,,,,,,
07:23:00,0.06,749.552625937823,16.298155427433635,0,,,,,,,,,,,
07:24:00,0.06,753.8836640955084,16.560388499172717,0,,,,,,,,,,,
07:25:00,0.07,758.1459379888324,19.62658448393155,0,,,,,,,,,,,
07:26:00,0.08,762.3409141902827,22.780439597846755,0,,,,,,,,,,,
07:27:00,0.08,766.4700207256145,23.130663539647333,0,,,,,,,,,,,
07:28:00,0.08,770.5346481639774,23.481028275992976,0,,,,,,,,,,,
07:29:00,0.07,774.5361506826172,20.852570024386036,0,,,,,,,,,,,
07:30:00,0.07,778.4758471058125,21.159319901575017,0,,,,,,,,,,,
07:31:00,0.07,782.3550219178395,21.46612832139709,0,,,,,,,,,,,
07:32:00,0.07,786.1749262498967,21.772974706019955,0,,,,,,,,,,,
07:33:00,0.08,789.9367788410227,25.234101638301112,0,,,,,,,,,,,
07:34:00,0.07,793.6417669731525,22.386701320744315,0,,,,,,,,,,,
07:35:00,0.07,797.2910473805166,22.693542607051263,0,,,,,,,,,,,
07:36:00,0.08,800.8857471336785,26.28610735847019,0,,,,,,,,,,,
07:37:00,0.07,804.4269644985441,23.307086853808894,0,,,,,,,,,,,
07:38:00,0.06,807.9157697707406,20.240359944446364,0,,,,,,,,,,,
07:39:00,0.07,811.353206085788,23.92032546303573,0,,,,,,,,,,,
07:40:00,0.08,814.7402902055363,27.687755507228253,0,,,,,,,,,,,
07:41:00,0.08,818.0780132813434,28.037849207065232,0,,,,,,,,,,,
07:42:00,0.08,821.3673415945156,28.387776825554287,0,,,,,,,,,,,
07:43:00,0.06,824.6092172745266,21.553139725901755,0,,,,,,,,,,,
07:44:00,0.05,827.8045589955542,18.1794120338338,0,,,,,,,,,,,
07:45:00,0.05,830.9542626518755,18.397736025550845,0,,,,,,,,,,,
07:46:00,0.04,834.0592020126711,14.892728538173388,0,,,,,,,,,,,
07:47:00,0.04,837.1202293567825,15.06714007812498,0,,,,,,,,,,,
07:48:00,0.05,840.138176087975,19.051768612521023,0,,,,,,,,,,,
07:49:00,0.04,843.1138533312467,15.415544570436973,0,,,,,,,,,,,
07:50:00,0.04,846.0480525107272,15.589520858053973,0,,,,,,,,,,,
07:51:00,0.05,848.9415459096975,19.704169536286294,0,,,,,,,,,,,
07:52:00,0.05,854.6094120341736,20.1380609836904,0,,,,,,,,,,,
07:53:00,0.04,857.3852384223665,16.283731574995475,0,,,,,,,,,,,
07:54:00,0.04,860.1232673586236,16.45682164065932,0,,,,,,,,,,,
07:55:00,0.04,862.8241832329355,16.629711485080147,0,,,,,,,,,,,
07:56:00,0.04,865.4886543079901,16.802393723043167,0,,,,,,,,,,,
07:57:00,0.03,868.1173331682708,12.731145809662415,0,,,,,,,,,,,
07:58:00,0.03,870.7108571552129,12.860329789891265,0,,,,,,,,,,,
07:59:00,0.03,873.2698487888703,12.989341934725385,0,,,,,,,,,,,
08:00:00,0.03,875.7949161765113,13.11817702145531,0,,,,,,,,,,,
08:01:00,0.03,878.2866534085732,13.246829900713585,0,,,,,,,,,,,
08:02:00,0.02,880.7456409423776,8.916863662911938,0,,,,,,,,,,,
08:03:00,0.02,883.1724459740019,9.002379195663835,0,,,,,,,,,,,
08:04:00,0.02,885.5676227986974,9.08776323762471,0,,,,,,,,,,,
08:05:00,0.02,887.9317131602157,9.17301253794759,0,,,,,,,,,,,
08:06:00,0.01,890.2652465894174,4.629061944088839,0,,,,,,,,,,,
08:07:00,0.01,892.5687407325028,4.671547060548457,0,,,,,,,,,,,
08:08:00,0.01,894.8427016692076,4.713960054806093,0,,,,,,,,,,,
08:09:00,0.01,897.087624221297,4.756299382842664,0,,,,,,,,,,,
08:10:00,0.01,899.3039922516659,4.798563519651515,0,,,,,,,,,,,
08:11:00,0.02,901.4922789543632,9.681501917485177,0,,,,,,,,,,,
08:12:00,0.02,903.6529471358295,9.7657204233298,0,,,,,,,,,,,
08:13:00,0.02,905.7864494876452,9.849779615093343,0,,,,,,,,,,,
08:14:00,0.02,907.8932288510574,9.933676585304584,0,,,,,,,,,,,
08:15:00,0.02,909.9737184735635,10.017408459910989,0,,,,,,,,,,,
08:16:00,0.02,912.0283422578068,10.100972397456069,0,,,,,,,,,,,
08:17:00,0.02,914.0575150030378,10.184365588286546,0,,,,,,,,,,,
08:18:00,0.03,916.0616426393833,15.401377880682151,0,,,,,,,,,,,
08:19:00,0.04,918.0411224551597,20.701257291297082,0,,,,,,,,,,,
08:20:00,0.04,919.9963433174552,20.866986090294645,0,,,,,,,,,,,
08:21:00,0.04,921.9276858862033,21.032351524940736,0,,,,,,,,,,,
08:22:00,0.04,923.8355228219557,21.197348272098306,0,,,,,,,,,,,
08:23:00,0.04,925.7202189875622,21.36197106384629,0,,,,,,,,,,,
08:24:00,0.04,927.5821316439556,21.526214686249368,0,,,,,,,,,,,
08:25:00,0.04,929.4216106402268,21.6900739781707,0,,,,,,,,,,,
08:26:00,0.04,931.2389985981848,21.853543830126256,0,,,,,,,,,,,
08:27:00,0.03,933.034631091568,16.512464387384128,0,,,,,,,,,,,
08:28:00,0.03,934.808836820087,16.634471270902846,0,,,,,,,,,,,
08:29:00,0.03,936.5619377784626,16.756174802393712,0,,,,,,,,,,,
08:30:00,0.03,938.2942494206169,16.87757129668939,0,,,,,,,,,,,
08:31:00,0.03,940.0060808191761,16.998657103491436,0,,,,,,,,,,,
08:32:00,0.04,941.697734820432,22.825904808898656,0,,,,,,,,,,,
08:33:00,0.04,943.3695081949074,22.9865096314815,0,,,,,,,,,,,
08:34:00,0.04,945.0216917836651,23.146685872702676,0,,,,,,,,,,,
08:35:00,0.04,946.6545706404949,23.306428842490767,0,,,,,,,,,,,
08:36:00,0.04,948.2684241701078,23.465733892928395,0,,,,,,,,,,,
08:37:00,0.04,949.8635262624657,23.62459641747046,0,,,,,,,,,,,
08:38:00,0.04,951.4401454233648,23.783011850188522,0,,,,,,,,,,,
08:39:00,0.06,952.9985449013913,35.91146349756064,0,,,,,,,,,,,
08:40:00,0.05,954.538982811363,30.123104218955138,0,,,,,,,,,,,
08:41:00,0.05,956.0617122543664,30.31941316524386,0,,,,,,,,,,,
08:42:00,0.05,957.5669814344931,30.515140907007805,0,,,,,,,,,,,
08:43:00,0.05,959.0550337723795,30.710281977587016,0,,,,,,,,,,,
08:44:00,0.06,960.526108015648,37.08579714725854,0,,,,,,,,,,,
08:45:00,0.06,961.9804383463443,37.31853895972965,0,,,,,,,,,,,
08:46:00,0.06,963.4182544854636,37.55055741248659,0,,,,,,,,,,,
08:47:00,0.06,964.8397817946543,37.78184615977109,0,,,,,,,,,,,
08:48:00,0.06,966.2452413751857,38.01239890728722,0,,,,,,,,,,,
08:49:00,0.06,967.634850164262,38.24220941141694,0,,,,,,,,,,,
08:50:00,0.07,969.0088210287644,44.8831500582048,0,,,,,,,,,,,
08:51:00,0.06,971.7106806450107,38.92712577171063,0,,,,,,,,,,,
08:52:00,0.07,973.0389755880874,45.67955682922508,0,,,,,,,,,,,
08:53:00,0.08,974.3524451599357,52.50655094467367,0,,,,,,,,,,,
08:54:00,0.08,975.651283197186,52.8068558422734,0,,,,,,,,,,,
08:55:00,0.09,976.9356799787373,59.74437894662517,0,,,,,,,,,,,
08:56:00,0.09,978.2058223035253,60.07985938962809,0,,,,,,,,,,,
08:57:00,0.08,979.4618935662719,53.7014625984274,0,,,,,,,,,,,
08:58:00,0.09,980.7040738312734,60.74722838524606,0,,,,,,,,,,,
08:59:00,0.09,981.9325399042887,61.07909967881317,0,,,,,,,,,,,
09:00:00,0.1,983.1474654025793,68.2330564128917,0,,,,,,,,,,,
09:01:00,0.1,984.3490208231582,68.5990813278281,0,,,,,,,,,,,
09:02:00,0.1,985.5373736092957,68.96373171509707,0,,,,,,,,,,,
09:03:00,0.09,986.7126882153381,62.39429847396732,0,,,,,,,,,,,
09:04:00,0.08,987.8751261698814,55.75109751512602,0,,,,,,,,,,,
09:05:00,0.08,989.0248461373533,56.039474679540575,0,,,,,,,,,,,
09:06:00,0.08,990.1620039780452,56.326722882998844,0,,,,,,,,,,,
09:07:00,0.09,991.2867528066394,63.689439290320216,0,,,,,,,,,,,
09:08:00,0.1,992.399243049275,71.12225457051542,0,,,,,,,,,,,
09:09:00,0.09,993.4996224991935,64.32932472935917,0,,,,,,,,,,,
09:10:00,0.09,994.5880363710038,64.647318212397,0,,,,,,,,,,,
09:11:00,0.12,995.6646273536063,86.61866892566076,0,,,,,,,,,,,
09:12:00,0.12,996.7295356618131,87.03915648441216,0,,,,,,,,,,,
09:13:00,0.13,997.7828990867008,94.74603300384953,0,,,,,,,,,,,
09:14:00,0.13,998.8248530447316,95.19772065158097,0,,,,,,,,,,,
09:15:00,0.13,999.8555306256765,95.64747142596406,0,,,,,,,,,,,
09:16:00,0.13,1000.8750626393735,96.09527436405092,0,,,,,,,,,,,
09:17:00,0.13,1001.8835776613552,96.54111858128942,0,,,,,,,,,,,
09:18:00,0.13,1002.8812020773715,96.98499327087737,0,,,,,,,,,,,
09:19:00,0.12,1003.8680601268452,89.93251172597297,0,,,,,,,,,,,
09:20:00,0.11,1004.8442739452832,82.81036180569411,0,,,,,,,,,,,
09:21:00,0.09,1005.8099636056736,68.0570953331352,0,,,,,,,,,,,
09:22:00,0.09,1006.7652471588998,68.35886536393507,0,,,,,,,,,,,
09:23:00,0.08,1007.7102406731908,61.030431342357005,0,,,,,,,,,,,
09:24:00,0.07,1008.6450582726421,53.63415388682217,0,,,,,,,,,,,
09:25:00,0.07,1009.5698121748245,53.86558024610474,0,,,,,,,,,,,
09:26:00,0.08,1010.4846127275108,61.823886865159466,0,,,,,,,,,,,
09:27:00,0.1,1011.3895684445413,77.60730101906597,0,,,,,,,,,,,
09:28:00,0.11,1012.2847860408507,85.7264633465934,0,,,,,,,,,,,
09:29:00,0.11,1013.1703704666795,86.08313266441199,0,,,,,,,,,,,
09:30:00,0.12,1014.0464249409921,94.29603347216289,0,,,,,,,,,,,
09:31:00,0.13,1014.91305098412,102.57135799213208,0,,,,,,,,,,,
09:32:00,0.13,1015.7703484496534,102.9865667467535,0,,,,,,,,,,,
09:33:00,0.13,1016.6184155555981,103.39965281977638,0,,,,,,,,,,,
09:34:00,0.13,1017.4573489148185,103.81060657540162,0,,,,,,,,,,,
09:35:00,0.13,1018.2872435647852,104.21941844725525,0,,,,,,,,,,,
09:36:00,0.12,1019.1081929966438,96.57791901971711,0,,,,,,,,,,,
09:37:00,0.12,1019.9202891836231,96.95130334072591,0,,,,,,,,,,,
09:38:00,0.1,1020.7236226088012,81.10223702331716,0,,,,,,,,,,,
09:39:00,0.1,1021.5182822922425,81.41004475340803,0,,,,,,,,,,,
09:40:00,0.11,1022.3043558175251,89.88778576633362,0,,,,,,,,,,,
09:41:00,0.12,1023.0819293576716,98.42472282562444,0,,,,,,,,,,,
09:42:00,0.11,1023.8510877004999,90.55567200876771,0,,,,,,,,,,,
09:43:00,0.11,1024.6119142734071,90.88680638727908,0,,,,,,,,,,,
09:44:00,0.1,1025.3644911676026,82.92368922465612,0,,,,,,,,,,,
09:45:00,0.1,1026.1088991618033,83.2212906962024,0,,,,,,,,,,,
09:46:00,0.1,1026.8452177454028,83.51716706980415,0,,,,,,,,,,,
09:47:00,0.1,1027.5735251411304,83.81131160824845,0,,,,,,,,,,,
09:48:00,0.09,1028.2938983272106,75.69334586226506,0,,,,,,,,,,,
09:49:00,0.08,1029.0064130590363,67.51550278617228,0,,,,,,,,,,,
09:50:00,0.09,1030.4081641940645,76.47339458432282,0,,,,,,,,,,,
09:51:00,0.09,1031.097546182375,76.73024204089161,0,,,,,,,,,,,
09:52:00,0.09,1031.7793609267742,76.98549541224699,0,,,,,,,,,,,
09:53:00,0.09,1032.4536783773774,77.2391489492979,0,,,,,,,,,,,
09:54:00,0.08,1033.1205673819347,68.88106395315651,0,,,,,,,,,,,
09:55:00,0.08,1033.7800957044124,69.10367444065203,0,,,,,,,,,,,
09:56:00,0.08,1034.4323300431774,69.32484775837324,0,,,,,,,,,,,
09:57:00,0.08,1035.07733604879,69.5445789530342,0,,,,,,,,,,,
09:58:00,0.08,1035.7151783414154,69.76286311033958,0,,,,,,,,,,,
09:59:00,0.07,1036.3459205278646,61.23223343552568,0,,,,,,,,,,,
10:00:00,0.1,1036.9696252182712,87.7438385625872,0,,,,,,,,,,,
10:01:00,0.09,1037.5863540424118,79.21010789773948,0,,,,,,,,,,,
10:02:00,0.08,1038.1961676656842,70.62143243936902,0,,,,,,,,,,,
10:03:00,0.1,1038.7991258047427,88.54051131682296,0,,,,,,,,,,,
10:04:00,0.1,1039.3952872428058,88.80238744745523,0,,,,,,,,,,,
10:05:00,0.1,1039.9847098446403,89.06241313620664,0,,,,,,,,,,,
10:06:00,0.11,1040.5674505712298,98.25264088865241,0,,,,,,,,,,,
10:07:00,0.11,1041.1435654941356,98.53457922850237,0,,,,,,,,,,,
10:08:00,0.11,1041.7131098095558,98.81446324166572,0,,,,,,,,,,,
10:09:00,0.11,1042.276137852091,99.09228675280049,0,,,,,,,,,,,
10:10:00,0.1,1042.832703108222,90.33458512622242,0,,,,,,,,,,,
10:11:00,0.1,1043.382858229506,90.58338893539144,0,,,,,,,,,,,
10:12:00,0.09,1043.9266550454993,81.74727270351994,0,,,,,,,,,,,
10:13:00,0.09,1044.4641445764107,81.96778971673837,0,,,,,,,,,,,
10:14:00,0.09,1044.9953770454927,82.18659624215249,0,,,,,,,,,,,
10:15:00,0.09,1045.520401891175,82.40368748285707,0,,,,,,,,,,,
10:16:00,0.07,1046.0392677789484,64.25926786559734,0,,,,,,,,,,,
10:17:00,0.07,1046.5520226130022,64.42543732677444,0,,,,,,,,,,,
10:18:00,0.07,1047.058713547623,64.5902616825054,0,,,,,,,,,,,
10:19:00,0.07,1047.559386998356,64.75373733350193,0,,,,,,,,,,,
10:20:00,0.06,1048.0540886529398,55.64216632567456,0,,,,,,,,,,,
10:21:00,0.07,1048.5428634820134,65.07662828815867,0,,,,,,,,,,,
10:22:00,0.07,1049.0257557496068,65.2360365571557,0,,,,,,,,,,,
10:23:00,0.07,1049.5028090234123,65.3940820520245,0,,,,,,,,,,,
10:24:00,0.08,1049.974066184849,74.91515581392886,0,,,,,,,,,,,
10:25:00,0.12,1050.4395694389207,112.63897887379595,0,,,,,,,,,,,
10:26:00,0.14,1050.8993603238678,131.7200153985808,0,,,,,,,,,,,
10:27:00,0.14,1051.3534797206291,132.02513613638487,0,,,,,,,,,,,
10:28:00,0.14,1051.8019678621044,132.32749762252172,0,,,,,,,,,,,
10:29:00,0.17,1052.244864342231,161.04718473569727,0,,,,,,,,,,,
10:30:00,0.17,1052.6822081248727,161.40761316469,0,,,,,,,,,,,
10:31:00,0.17,1053.11403755253,161.76466746726948,0,,,,,,,,,,,
10:32:00,0.12,1053.540390354871,114.43647524638766,0,,,,,,,,,,,
10:33:00,0.13,1053.9613036570881,124.24071165066066,0,,,,,,,,,,,
10:34:00,0.14,1054.3768139880854,134.0833602705929,0,,,,,,,,,,,
10:35:00,0.14,1054.7869572884983,134.36622736705584,0,,,,,,,,,,,
10:36:00,0.14,1055.1917689185495,134.64628466844394,0,,,,,,,,,,,
10:37:00,0.13,1055.5912836657446,125.28613142372998,0,,,,,,,,,,,
10:38:00,0.12,1055.9855357524123,115.88395358248114,0,,,,,,,,,,,
10:39:00,0.12,1056.374558843087,116.11674674103529,0,,,,,,,,,,,
10:40:00,0.12,1056.7583860517448,116.34711117562118,0,,,,,,,,,,,
10:41:00,0.12,1057.1370499488878,116.57504194278505,0,,,,,,,,,,,
10:42:00,0.12,1057.5105825684868,116.80053415446778,0,,,,,,,,,,,
10:43:00,0.12,1057.879015414778,117.02358297798594,0,,,,,,,,,,,
10:44:00,0.07,1058.2423794689237,68.39244045434165,0,,,,,,,,,,,
10:45:00,0.07,1058.6007051955341,68.51969332049858,0,,,,,,,,,,,
10:46:00,0.08,1058.9540225490562,78.45201441532848,0,,,,,,,,,,,
10:47:00,0.07,1059.3023609800298,68.76989564313183,0,,,,,,,,,,,
10:48:00,0.09,1059.6457494412157,88.57650825252425,0,,,,,,,,,,,
10:49:00,0.08,1060.317789812253,79.01074369992742,0,,,,,,,,,,,
10:50:00,0.08,1060.6464971921193,79.14629995419509,0,,,,,,,,,,,
10:51:00,0.08,1060.970365553617,79.28019994650386,0,,,,,,,,,,,
10:52:00,0.08,1061.2894214481735,79.41244082371409,0,,,,,,,,,,,
10:53:00,0.09,1061.6036909636225,89.48589724070335,0,,,,,,,,,,,
10:54:00,0.12,1061.9131997294942,119.50790100662394,0,,,,,,,,,,,
10:55:00,0.12,1062.217972922191,119.69877117862764,0,,,,,,,,,,,
10:56:00,0.12,1062.5180352700563,119.88713611150555,0,,,,,,,,,,,
10:57:00,0.12,1062.8134110583355,120.07299180170216,0,,,,,,,,,,,
10:58:00,0.1,1063.1041241340295,100.21361191739963,0,,,,,,,,,,,
10:59:00,0.1,1063.3901979106472,100.36429976326234,0,,,,,,,,,,,
11:00:00,0.09,1063.6716553728543,90.46159815667338,0,,,,,,,,,,,
11:01:00,0.15,1063.9485190810237,150.98905499641253,0,,,,,,,,,,,
11:02:00,0.15,1064.220811175685,151.205619191404,0,,,,,,,,,,,
11:03:00,0.14,1064.488553381879,141.32441703869915,0,,,,,,,,,,,
11:04:00,0.14,1064.7517670134168,141.52063115690555,0,,,,,,,,,,,
11:05:00,0.15,1065.0104729770455,151.83630297617503,0,,,,,,,,,,,
11:06:00,0.15,1065.2646917765205,152.04017979662916,0,,,,,,,,,,,
11:07:00,0.15,1065.5144435165878,152.24087381518657,0,,,,,,,,,,,
11:08:00,0.15,1065.7597479068795,152.4383807865783,0,,,,,,,,,,,
11:09:00,0.15,1066.0006242657173,152.63269653455774,0,,,,,,,,,,,
11:10:00,0.16,1066.2370915238334,163.01207141536483,0,,,,,,,,,,,
11:11:00,0.16,1066.4691682280045,163.21252053379013,0,,,,,,,,,,,
11:12:00,0.16,1066.696872544602,163.40955275837092,0,,,,,,,,,,,
11:13:00,0.15,1066.9202222630618,153.37796618342088,0,,,,,,,,,,,
11:14:00,0.32,1067.13923479927,327.5866999182928,0,,,,,,,,,,,
11:15:00,0.33,1067.3539271988711,338.2089703493284,0,,,,,,,,,,,
11:16:00,0.33,1067.5643161404962,338.5870756547622,0,,,,,,,,,,,
11:17:00,0.33,1067.7704179389136,338.9580922344447,0,,,,,,,,,,,
11:18:00,0.32,1067.9722485481038,329.0395270474938,0,,,,,,,,,,,
11:19:00,0.34,1068.1698235642573,349.9721259067119,0,,,,,,,,,,,
11:20:00,0.34,1068.3631582287,350.3324270866441,0,,,,,,,,,,,
11:21:00,0.33,1068.552267430744,340.37111716222597,0,,,,,,,,,,,
11:22:00,0.33,1068.7371657104661,340.70657584290245,0,,,,,,,,,,,
11:23:00,0.31,1068.917867261415,320.36611926557356,0,,,,,,,,,,,
11:24:00,0.31,1069.094385933249,320.6678385382683,0,,,,,,,,,,,
11:25:00,0.33,1069.2667352343014,341.670124182983,0,,,,,,,,,,,
11:26:00,0.33,1069.434928334082,341.9770085404114,0,,,,,,,,,,,
11:27:00,0.33,1069.598978065705,342.2767328057558,0,,,,,,,,,,,
11:28:00,0.33,1069.7588969282538,342.5692906786942,0,,,,,,,,,,,
11:29:00,0.34,1069.9146970890795,353.24421164772554,0,,,,,,,,,,,
11:30:00,0.32,1070.066390386032,332.7349166610398,0,,,,,,,,,,,
11:31:00,0.32,1070.2139883296281,332.99772627568564,0,,,,,,,,,,,
11:32:00,0.31,1070.3575021051547,322.83938983342136,0,,,,,,,,,,,
11:33:00,0.32,1070.4969425747097,333.5024235593569,0,,,,,,,,,,,
11:34:00,0.3,1070.63232027918,312.88528184309246,0,,,,,,,,,,,
11:35:00,0.3,1070.763645440158,313.10549047722617,0,,,,,,,,,,,
11:36:00,0.3,1070.8909279617951,313.31914336851185,0,,,,,,,,,,,
11:37:00,0.32,1071.0141774325984,334.42798510355067,0,,,,,,,,,,,
11:38:00,0.28,1071.1334031271633,292.8116465227206,0,,,,,,,,,,,
11:39:00,0.26,1071.2486140078495,272.06462699324044,0,,,,,,,,,,,
11:40:00,0.25,1071.3598187263967,261.7567582785834,0,,,,,,,,,,,
11:41:00,0.17,1071.4670256254835,178.09705446527676,0,,,,,,,,,,,
11:42:00,0.16,1071.5702427402266,167.7136793571092,0,,,,,,,,,,,
11:43:00,0.16,1071.6694777996242,167.80308999074387,0,,,,,,,,,,,
11:44:00,0.16,1071.7647382279424,167.8889871710599,0,,,,,,,,,,,
11:45:00,0.16,1071.8560311460449,167.97136909830402,0,,,,,,,,,,,
11:46:00,0.16,1071.9433633726662,168.05023404661,0,,,,,,,,,,,
11:47:00,0.16,1072.0267414256318,168.12558036400517,0,,,,,,,,,,,
11:48:00,0.16,1072.1816595842695,168.26571086767714,0,,,,,,,,,,,
11:49:00,0.15,1072.2532112312388,157.8098363620603,0,,,,,,,,,,,
11:50:00,0.13,1072.3208317892004,136.81829595820707,0,,,,,,,,,,,
11:51:00,0.13,1072.3845262877921,136.86520237128872,0,,,,,,,,,,,
11:52:00,0.12,1072.4442994619078,126.37776286566132,0,,,,,,,,,,,
11:53:00,0.12,1072.500155752539,126.41576975622701,0,,,,,,,,,,,
11:54:00,0.12,1072.552099307563,126.45112975742128,0,,,,,,,,,,,
11:55:00,0.12,1072.6001339824754,126.48384212923432,0,,,,,,,,,,,
11:56:00,0.13,1072.6442633410768,137.05673170270796,0,,,,,,,,,,,
11:57:00,0.14,1072.6844906561,147.63154151896924,0,,,,,,,,,,,
11:58:00,0.14,1072.720818909791,147.66043471688155,0,,,,,,,,,,,
11:59:00,0.15,1072.7532507944354,158.23525307948393,0,,,,,,,,,,,
12:00:00,0.16,1072.7817887128344,168.8102233726551,0,,,,,,,,,,,
12:01:00,0.16,1072.8064347787288,168.8326422542343,0,,,,,,,,,,,
12:02:00,0.13,1072.8271908171728,137.19186497834073,0,,,,,,,,,,,
12:03:00,0.13,1072.844058364856,137.20433560964327,0,,,,,,,,,,,
12:04:00,0.14,1072.857038670374,147.76885142342115,0,,,,,,,,,,,
12:05:00,0.16,1072.8661326944496,168.88696411379456,0,,,,,,,,,,,
12:06:00,0.15,1072.871341110101,158.33597319522917,0,,,,,,,,,,,
12:07:00,0.14,1072.872664302762,147.78129548458506,0,,,,,,,,,,,
12:08:00,0.15,1072.8701023703484,158.3349161621144,0,,,,,,,,,,,
12:09:00,0.18,1072.8636551232764,189.99529777507607,0,,,,,,,,,,,
12:10:00,0.17,1072.8533220844288,179.43001148751247,0,,,,,,,,,,,
12:11:00,0.16,1072.8391024890711,168.86236482437232,0,,,,,,,,,,,
12:12:00,0.18,1072.820995284716,189.95162522504802,0,,,,,,,,,,,
12:13:00,0.17,1072.798999130938,179.3774954469871,0,,,,,,,,,,,
12:14:00,0.17,1072.773112399138,179.35247794066817,0,,,,,,,,,,,
12:15:00,0.18,1072.7433331722536,189.8721584061885,0,,,,,,,,,,,
12:16:00,0.16,1072.7096592444234,168.74463784577452,0,,,,,,,,,,,
12:17:00,0.21,1072.6720881205956,221.4325189222683,0,,,,,,,,,,,
12:18:00,0.21,1072.6306170160876,221.38306432734916,0,,,,,,,,,,,
12:19:00,0.21,1072.585242856094,221.32897442261458,0,,,,,,,,,,,
12:20:00,0.23,1072.5359622751441,242.3436075151484,0,,,,,,,,,,,
12:21:00,0.22,1072.482771616504,231.74055489427207,0,,,,,,,,,,,
12:22:00,0.22,1072.4256669315312,231.66932868443786,0,,,,,,,,,,,
12:23:00,0.22,1072.364643978975,231.5932517887986,0,,,,,,,,,,,
12:24:00,0.21,1072.2996982242234,220.98903826342925,0,,,,,,,,,,,
12:25:00,0.23,1072.230824838501,241.94594115745085,0,,,,,,,,,,,
12:26:00,0.24,1072.1580186980084,252.36647282138702,0,,,,,,,,,,,
12:27:00,0.24,1072.0812743830159,252.26233169623143,0,,,,,,,,,,,
12:28:00,0.24,1072.000586176896,252.1529087086935,0,,,,,,,,,,,
12:29:00,0.24,1071.9159480651078,252.0382061503711,0,,,,,,,,,,,
12:30:00,0.26,1071.8273537341252,272.9114119590278,0,,,,,,,,,,,
12:31:00,0.26,1071.7347965703098,272.77571971220385,0,,,,,,,,,,,
12:32:00,0.26,1071.6382696587311,272.6343160985794,0,,,,,,,,,,,
12:33:00,0.25,1071.53776578193,262.0069270009935,0,,,,,,,,,,,
12:34:00,0.25,1071.4332774186262,261.85998725240086,0,,,,,,,,,,,
12:35:00,0.26,1071.3247967423722,272.1758672859428,0,,,,,,,,,,,
12:36:00,0.22,1071.212315620148,230.16370302908516,0,,,,,,,,,,,
12:37:00,0.23,1071.095825610899,240.4753813426386,0,,,,,,,,,,,
12:38:00,0.26,1070.97531796402,271.6661300382759,0,,,,,,,,,,,
12:39:00,0.27,1070.850783617776,281.9265610220947,0,,,,,,,,,,,
12:40:00,0.26,1070.7222131976691,271.29785873836784,0,,,,,,,,,,,
12:41:00,0.27,1070.589597014743,281.5323236553102,0,,,,,,,,,,,
12:42:00,0.28,1070.4529250638316,291.745855733785,0,,,,,,,,,,,
12:43:00,0.27,1070.3121870217428,281.1145077822657,0,,,,,,,,,,,
12:44:00,0.28,1070.1673722453859,291.3003528204841,0,,,,,,,,,,,
12:45:00,0.28,1070.018469769835,291.06845028068705,0,,,,,,,,,,,
12:46:00,0.27,1069.8654683063319,280.44365156013487,0,,,,,,,,,,,
12:47:00,0.27,1069.5471216288415,279.9670472635297,0,,,,,,,,,,,
12:48:00,0.27,1069.3817521993103,279.719949907325,0,,,,,,,,,,,
12:49:00,0.25,1069.2122353462964,258.7657370034125,0,,,,,,,,,,,
12:50:00,0.87,1069.0385581296896,899.6708368660976,0,,,,,,,,,,,
12:51:00,0.86,1068.8607072722168,888.4868302010377,0,,,,,,,,,,,
12:52:00,0.35,1068.6786691569912,361.24284054401386,0,,,,,,,,,,,
12:53:00,0.38,1068.4924298249903,391.81760952875527,0,,,,,,,,,,,
12:54:00,0.65,1068.3019749724683,669.5350709945324,0,,,,,,,,,,,
12:55:00,0.69,1068.1072899482956,710.0012869244135,0,,,,,,,,,,,
12:56:00,0.7,1067.9083597512292,719.5294720896304,0,,,,,,,,,,,
12:57:00,0.66,1067.7051690271114,677.6811351850785,0,,,,,,,,,,,
12:58:00,0.67,1067.4977020659953,687.1911645205719,0,,,,,,,,,,,
12:59:00,0.41,1067.2859427991957,420.0473931360574,0,,,,,,,,,,,
13:00:00,0.43,1067.069874796268,440.03266122820236,0,,,,,,,,,,,
13:01:00,0.4,1066.8494812619083,408.8545117670755,0,,,,,,,,,,,
13:02:00,0.39,1066.6247450327785,398.15856190608315,0,,,,,,,,,,,
13:03:00,0.4,1066.395648574253,407.8724504962648,0,,,,,,,,,,,
13:04:00,0.41,1066.1621739770858,417.55282146933894,0,,,,,,,,,,,
13:05:00,0.4,1065.924302953997,406.8562338900807,0,,,,,,,,,,,
13:06:00,0.39,1065.6820168361799,396.176960457581,0,,,,,,,,,,,
13:07:00,0.38,1065.4352965697212,385.5156504382697,0,,,,,,,,,,,
13:08:00,0.41,1065.1841227119423,415.39975780746363,0,,,,,,,,,,,
13:09:00,0.44,1064.9284754276505,445.19384925593897,0,,,,,,,,,,,
13:10:00,0.47,1064.6683344853063,474.89602951045725,0,,,,,,,,,,,
13:11:00,0.46,1064.4036792531017,464.1440544371206,0,,,,,,,,,,,
13:12:00,0.56,1064.1344886949478,564.2444765832311,0,,,,,,,,,,,
13:13:00,0.56,1063.8607413663738,563.4322062782974,0,,,,,,,,,,,
13:14:00,0.54,1063.5824154103314,542.514994207527,0,,,,,,,,,,,
13:15:00,0.49,1063.2994885529058,491.55076394274363,0,,,,,,,,,,,
13:16:00,0.48,1063.0119380989304,480.7926021738622,0,,,,,,,,,,,
13:17:00,0.47,1062.7197409275063,470.0548580605139,0,,,,,,,,,,,
13:18:00,0.47,1062.4228734874193,469.3237880681216,0,,,,,,,,,,,
13:19:00,0.59,1062.1213117924597,588.2210811892716,0,,,,,,,,,,,
13:20:00,0.5,1061.815031416637,497.6938246380017,0,,,,,,,,,,,
13:21:00,0.47,1061.504007489293,467.07170395910265,0,,,,,,,,,,,
13:22:00,0.5,1061.1882146901048,496.065359324425,0,,,,,,,,,,,
13:23:00,0.51,1060.8676272439845,505.1402566332702,0,,,,,,,,,,,
13:24:00,0.54,1060.542218915866,533.9469977689572,0,,,,,,,,,,,
13:25:00,0.58,1060.2119630053799,572.5120201849616,0,,,,,,,,,,,
13:26:00,0.6,1059.8768323414154,591.2207926823567,0,,,,,,,,,,,
13:27:00,0.61,1059.5367992765664,600.0116567667369,0,,,,,,,,,,,
13:28:00,0.62,1059.1918356814579,608.7549138331303,0,,,,,,,,,,,
13:29:00,0.7,1058.8419129389526,686.0555223941599,0,,,,,,,,,,,
13:30:00,1,1058.4870019382358,978.2753653215603,0,,,,,,,,,,,
13:31:00,1,1058.1270730687734,976.4509456686661,0,,,,,,,,,,,
13:32:00,1,1057.7620962141436,974.6060977830602,0,,,,,,,,,,,
13:33:00,1,1057.392040745739,972.7408611616355,0,,,,,,,,,,,
13:34:00,1,1057.016875516335,970.8552757625072,0,,,,,,,,,,,
13:35:00,1,1056.6365688535248,968.9493820051537,0,,,,,,,,,,,
13:36:00,0.61,1056.2510885530148,589.8841646700455,0,,,,,,,,,,,
13:37:00,0.51,1055.8604018717826,492.18918503472094,0,,,,,,,,,,,
13:38:00,0.48,1055.4644755210884,462.292925617061,0,,,,,,,,,,,
13:39:00,0.6,1055.0632756593434,576.6741287637034,0,,,,,,,,,,,
13:40:00,0.58,1054.6567678848276,556.287706208405,0,,,,,,,,,,,
13:41:00,0.55,1054.2449172282554,526.3994260806277,0,,,,,,,,,,,
13:42:00,0.45,1053.8276881451895,429.7693427417579,0,,,,,,,,,,,
13:43:00,0.6,1053.405044508292,571.785680260287,0,,,,,,,,,,,
13:44:00,0.61,1052.9769495994162,580.042509521171,0,,,,,,,,,,,
13:45:00,0.65,1052.5433661015363,616.7087596961063,0,,,,,,,,,,,
13:46:00,0.85,1051.6595810266404,802.8334559495576,0,,,,,,,,,,,
13:47:00,0.85,1051.2093017461405,800.9923440524747,0,,,,,,,,,,,
13:48:00,0.8,1050.7533784523157,752.1265809970914,0,,,,,,,,,,,
13:49:00,0.77,1050.2917707066401,722.2237112411453,0,,,,,,,,,,,
13:50:00,0.77,1049.824437419616,720.5104972416877,0,,,,,,,,,,,
13:51:00,0.62,1049.3513368414483,578.7597171785304,0,,,,,,,,,,,
13:52:00,0.68,1048.8724265525236,633.2291984116192,0,,,,,,,,,,,
13:53:00,0.72,1048.3876634536914,668.8338851509011,0,,,,,,,,,,,
13:54:00,0.73,1047.8970037563415,676.4421564360996,0,,,,,,,,,,,
13:55:00,0.69,1047.400402972275,637.7745056967015,0,,,,,,,,,,,
13:56:00,0.64,1046.8978159033622,590.0603921075291,0,,,,,,,,,,,
13:57:00,0.82,1046.3891966309843,754.079049250986,0,,,,,,,,,,,
13:58:00,0.84,1045.8744985052535,770.4720503154033,0,,,,,,,,,,,
13:59:00,0.65,1045.353674134008,594.6391871851444,0,,,,,,,,,,,
14:00:00,0.73,1044.8266753715743,666.0602573296753,0,,,,,,,,,,,
14:01:00,0.49,1044.293453307293,445.8872905261717,0,,,,,,,,,,,
14:02:00,0.52,1043.7539582538038,471.90926892669245,0,,,,,,,,,,,
14:03:00,0.55,1043.2081397350826,497.77345915758633,0,,,,,,,,,,,
14:04:00,0.59,1042.6559464742265,532.5036746822182,0,,,,,,,,,,,
14:05:00,0.57,1042.0973263809792,513.0203627674848,0,,,,,,,,,,,
14:06:00,0.85,1041.5322265389927,762.8784657443085,0,,,,,,,,,,,
14:07:00,0.84,1040.9605931928177,751.7611219022014,0,,,,,,,,,,,
14:08:00,0.76,1040.3823717346197,678.2123705230499,0,,,,,,,,,,,
14:09:00,1,1039.797506690608,889.7970786329889,0,,,,,,,,,,,
14:10:00,0.89,1039.2059417071798,789.5999148163676,0,,,,,,,,,,,
14:11:00,0.98,1038.6076195367625,866.874941123482,0,,,,,,,,,,,
14:12:00,0.98,1038.0024820233584,864.2847258279999,0,,,,,,,,,,,
14:13:00,1,1037.3904700877747,879.261743709458,0,,,,,,,,,,,
14:14:00,0.72,1036.7715237125376,631.1390312753831,0,,,,,,,,,,,
14:15:00,0.79,1036.1455819264813,690.3683456095682,0,,,,,,,,,,,
14:16:00,0.8,1035.5125827890029,696.9342284341565,0,,,,,,,,,,,
14:17:00,0.81,1034.8724633739778,703.4311024135702,0,,,,,,,,,,,
14:18:00,0.8,1034.2251597533252,692.544852450486,0,,,,,,,,,,,
14:19:00,0.81,1033.5706069802168,698.9576382502265,0,,,,,,,,,,,
14:20:00,0.93,1032.9087390719187,799.9137563645974,0,,,,,,,,,,,
14:21:00,0.64,1032.2394889922587,548.6822979964061,0,,,,,,,,,,,
14:22:00,0.67,1031.5627886337106,572.5096690786584,0,,,,,,,,,,,
14:23:00,0.58,1030.878568799084,493.95713952444856,0,,,,,,,,,,,
14:24:00,0.8,1030.1867591828106,679.0325969046586,0,,,,,,,,,,,
14:25:00,0.69,1029.4872883518208,583.6804010058573,0,,,,,,,,,,,
14:26:00,0.59,1028.7800837259924,497.38117526821395,0,,,,,,,,,,,
14:27:00,0.61,1028.0650715581712,512.4651242801275,0,,,,,,,,,,,
14:28:00,0.59,1027.342176913742,493.9345188644881,0,,,,,,,,,,,
14:29:00,0.55,1026.611323649749,458.82659689162494,0,,,,,,,,,,,
14:30:00,0.64,1025.8724343935462,532.0101790655475,0,,,,,,,,,,,
14:31:00,0.63,1025.125430520971,521.8191745332447,0,,,,,,,,,,,
14:32:00,0.68,1024.370232134027,561.1943044918711,0,,,,,,,,,,,
14:33:00,0.65,1023.606758038063,534.4754915336007,0,,,,,,,,,,,
14:34:00,0.66,1022.8349257184385,540.6965574813022,0,,,,,,,,,,,
14:35:00,0.57,1022.0546513166569,465.22686101351195,0,,,,,,,,,,,
14:36:00,0.59,1021.2658496059599,479.74130653465267,0,,,,,,,,,,,
14:37:00,0.62,1020.4684339663643,502.2232054354872,0,,,,,,,,,,,
14:38:00,0.67,1019.6623163591263,540.6479610850016,0,,,,,,,,,,,
14:39:00,1,1018.847407300624,803.8204118651825,0,,,,,,,,,,,
14:40:00,1,1018.0236158356364,800.6869698341799,0,,,,,,,,,,,
14:41:00,1,1017.1908495100074,797.5370019536491,0,,,,,,,,,,,
14:42:00,1,1016.3490143426775,794.3705814489141,0,,,,,,,,,,,
14:43:00,1,1015.4980147970666,791.1877820774338,0,,,,,,,,,,,
14:44:00,1,1014.63775375179,787.9886781316121,0,,,,,,,,,,,
14:45:00,1,1012.889050572177,781.5418563787995,0,,,,,,,,,,,
14:46:00,1,1012.0004059978198,778.2942898579527,0,,,,,,,,,,,
14:47:00,1,1011.1020949802376,775.0307213413508,0,,,,,,,,,,,
14:48:00,1,1010.194012010201,771.7512278416363,0,,,,,,,,,,,
14:49:00,1,1009.2760498029663,768.4558869253167,0,,,,,,,,,,,
14:50:00,1,1008.3480992638057,765.1447767162923,0,,,,,,,,,,,
14:51:00,1,1007.410049452715,761.8179758994964,0,,,,,,,,,,,
14:52:00,1,1006.4617875482774,758.4755637246569,0,,,,,,,,,,,
14:53:00,1,1005.5031988106567,755.1176200101786,0,,,,,,,,,,,
14:54:00,1,1004.534166543702,751.7442251471558,0,,,,,,,,,,,
14:55:00,1,1003.5545720561312,748.3554601035099,0,,,,,,,,,,,
14:56:00,1,1002.5642946217778,744.951406428268,0,,,,,,,,,,,
14:57:00,1,1001.5632114388662,741.532146255977,0,,,,,,,,,,,
14:58:00,1,1000.5511975882935,738.0977623112603,0,,,,,,,,,,,
14:59:00,1,999.5281259908885,734.6483379135271,0,,,,,,,,,,,
15:00:00,1,998.4938673636203,731.1839569818292,0,,,,,,,,,,,
15:01:00,1,997.448290174725,727.704704039879,0,,,,,,,,,,,
15:02:00,1,996.3912605977222,724.2106642212301,0,,,,,,,,,,,
15:03:00,1,995.3226424642883,720.7019232746247,0,,,,,,,,,,,
15:04:00,1,994.2422972159555,717.1785675695158,0,,,,,,,,,,,
15:05:00,0.76,993.1500838546011,542.3669199173426,0,,,,,,,,,,,
15:06:00,0.76,992.0458588916952,539.6671539796487,0,,,,,,,,,,,
15:07:00,0.58,990.9294762962679,409.7825773170311,0,,,,,,,,,,,
15:08:00,0.52,989.800787441563,365.5291882332624,0,,,,,,,,,,,
15:09:00,0.52,988.6596410503358,363.65973008613963,0,,,,,,,,,,,
15:10:00,0.53,987.5058831387603,368.7403130862183,0,,,,,,,,,,,
15:11:00,0.64,986.339356958901,442.95248160007174,0,,,,,,,,,,,
15:12:00,0.65,985.1599029397111,447.5095069133768,0,,,,,,,,,,,
15:13:00,0.68,983.9673586265105,465.6811822177288,0,,,,,,,,,,,
15:14:00,0.69,982.7615586189028,470.00085255598077,0,,,,,,,,,,,
15:15:00,0.65,981.5423345070806,440.36357419110857,0,,,,,,,,,,,
15:16:00,0.91,980.3095148064756,613.1495007366393,0,,,,,,,,,,,
15:17:00,0.88,979.0629248907015,589.6752099590875,0,,,,,,,,,,,
15:18:00,0.4,977.8023869227405,266.5467738883778,0,,,,,,,,,,,
15:19:00,0.33,976.5277197843195,218.66960385766626,0,,,,,,,,,,,
15:20:00,0.33,975.2387390034231,217.4337820158009,0,,,,,,,,,,,
15:21:00,0.3,973.9352566798848,196.53968660078507,0,,,,,,,,,,,
15:22:00,0.29,972.6170814090019,188.89480087782636,0,,,,,,,,,,,
15:23:00,0.28,971.2840182031106,181.32173612755648,0,,,,,,,,,,,
15:24:00,0.36,969.9358684110616,231.761206442287,0,,,,,,,,,,,
15:25:00,0.37,968.5724296355315,236.78963383297895,0,,,,,,,,,,,
15:26:00,0.37,967.1934956481011,235.37560872895992,0,,,,,,,,,,,
15:27:00,0.38,965.7988563020386,240.2801420403286,0,,,,,,,,,,,
15:28:00,0.4,964.3882974427073,251.3878780122077,0,,,,,,,,,,,
15:29:00,0.43,962.9616008155332,268.58272720059375,0,,,,,,,,,,,
15:30:00,0.47,961.5185439714526,291.74787699478316,0,,,,,,,,,,,
15:31:00,0.49,960.0589001697588,302.2600829075623,0,,,,,,,,,,,
15:32:00,0.56,958.5824382782729,343.25902526551124,0,,,,,,,,,,,
15:33:00,0.67,957.0889226707487,408.067500439464,0,,,,,,,,,,,
15:34:00,0.66,955.5781131214293,399.390880567411,0,,,,,,,,,,,
15:35:00,0.61,954.0497646966601,366.73677984880817,0,,,,,,,,,,,
15:36:00,0.27,952.5036276434722,161.2619537399408,0,,,,,,,,,,,
15:37:00,0.27,950.9394472750338,160.19472273023413,0,,,,,,,,,,,
15:38:00,0.29,949.3569638528718,170.9114495311895,0,,,,,,,,,,,
15:39:00,0.28,947.7559124657616,163.90492245112856,0,,,,,,,,,,,
15:40:00,0.27,946.1360229051779,156.9749202639237,0,,,,,,,,,,,
15:41:00,0.27,944.4970195371928,155.89571932403229,0,,,,,,,,,,,
15:42:00,0.28,942.8386211707127,160.54744104481208,0,,,,,,,,,,,
15:43:00,0.26,941.1605409219289,148.03495357501376,0,,,,,,,,,,,
15:44:00,0.44,937.7441579378867,246.970515949285,0,,,,,,,,,,,
15:45:00,0.43,936.0052516960578,239.6161243824353,0,,,,,,,,,,,
15:46:00,0.47,934.2454562591804,259.99778617076356,0,,,,,,,,,,,
15:47:00,0.51,932.4644541054064,280.0495093316482,0,,,,,,,,,,,
15:48:00,0.5,930.6619211202542,272.5183214649579,0,,,,,,,,,,,
15:49:00,0.61,928.8375264308906,329.97753495358694,0,,,,,,,,,,,
15:50:00,0.63,926.9909322355142,338.2137478975352,0,,,,,,,,,,,
15:51:00,0.65,925.1217936276823,346.2797597306507,0,,,,,,,,,,,
15:52:00,0.62,923.2297584154138,327.7441067918023,0,,,,,,,,,,,
15:53:00,0.52,921.3144669348911,272.7356607201913,0,,,,,,,,,,,
15:54:00,0.52,919.3755518585838,270.5843964048284,0,,,,,,,,,,,
15:55:00,0.55,917.4126379976052,283.91468618029694,0,,,,,,,,,,,
15:56:00,0.51,915.4253420981127,261.14729813249454,0,,,,,,,,,,,
15:57:00,0.42,913.4132726315465,213.31369967936718,0,,,,,,,,,,,
15:58:00,0.43,911.3760295785072,216.59846669056535,0,,,,,,,,,,,
15:59:00,0.43,909.313204206048,214.8006842230827,0,,,,,,,,,,,
16:00:00,0.44,907.2243788381718,217.95278284956837,0,,,,,,,,,,,
16:01:00,0.36,905.1091266192938,176.81392203106026,0,,,,,,,,,,,
16:02:00,0.36,902.9670112704353,175.29993654480987,0,,,,,,,,,,,
16:03:00,0.37,900.7975868379069,178.61040855982984,0,,,,,,,,,,,
16:04:00,0.36,898.6003974342191,172.2634662091574,0,,,,,,,,,,,
16:05:00,0.32,896.3749769709644,151.7698562672193,0,,,,,,,,,,,
16:06:00,0.32,894.1208488833938,150.41424083471136,0,,,,,,,,,,,
16:07:00,0.94,891.8375258464085,437.8528335735683,0,,,,,,,,,,,
16:08:00,0.93,889.5245094816747,429.2416007837768,0,,,,,,,,,,,
16:09:00,0.93,887.1812900555619,425.2818616591472,0,,,,,,,,,,,
16:10:00,0.94,884.8073461675918,425.84603215096064,0,,,,,,,,,,,
16:11:00,0.88,882.4021444290785,394.9056123765797,0,,,,,,,,,,,
16:12:00,0.73,879.9651391316245,324.4693337360657,0,,,,,,,,,,,
16:13:00,0.84,877.4957719051373,369.76324912718957,0,,,,,,,,,,,
16:14:00,0.84,874.9934713650016,366.15932631332595,0,,,,,,,,,,,
16:15:00,0.85,872.4576527480552,366.8664230067463,0,,,,,,,,,,,
16:16:00,0.84,869.8877175369792,358.93645734362696,0,,,,,,,,,,,
16:17:00,0.85,867.2830530727263,359.5477767660451,0,,,,,,,,,,,
16:18:00,0.78,864.6430321545802,326.57349512798714,0,,,,,,,,,,,
16:19:00,0.78,861.9670126274373,323.204885213671,0,,,,,,,,,,,
16:20:00,0.78,859.254336955888,319.8322726535746,0,,,,,,,,,,,
16:21:00,0.77,856.5043317846621,312.3986764898854,0,,,,,,,,,,,
16:22:00,0.52,853.7163074849927,208.71708045177706,0,,,,,,,,,,,
16:23:00,0.47,850.8895576864376,186.60920821819064,0,,,,,,,,,,,
16:24:00,0.48,848.0233587936929,188.4952148744765,0,,,,,,,,,,,
16:25:00,0.49,845.1169694879122,190.29232601702992,0,,,,,,,,,,,
16:26:00,0.5,842.1696302120465,192.00051682441472,0,,,,,,,,,,,
16:27:00,0.6,839.1805626396946,227.78796732057197,0,,,,,,,,,,,
16:28:00,0.61,836.1489691269601,228.926063725707,0,,,,,,,,,,,
16:29:00,0.56,833.0740321467865,207.71928546001448,0,,,,,,,,,,,
16:30:00,0.39,829.9549137052497,142.9595022850486,0,,,,,,,,,,,
16:31:00,0.42,826.7907547392614,152.1220850404445,0,,,,,,,,,,,
16:32:00,0.58,823.580674495152,207.53870927952934,0,,,,,,,,,,,
16:33:00,0.61,820.3237698875809,215.60621654192474,0,,,,,,,,,,,
16:34:00,0.51,817.0191148382257,178.02979592307912,0,,,,,,,,,,,
16:35:00,0.31,813.6657595937063,106.85738688150421,0,,,,,,,,,,,
16:36:00,0.31,810.2627300221939,105.50003837470095,0,,,,,,,,,,,
16:37:00,0.81,806.8090268881631,272.1135427065719,0,,,,,,,,,,,
16:38:00,0.81,803.3036251047607,268.56466948640576,0,,,,,,,,,,,
16:39:00,0.8,799.7454729632626,261.7431874582844,0,,,,,,,,,,,
16:40:00,0.8,796.1334913391253,258.2367178130667,0,,,,,,,,,,,
16:41:00,0.85,792.4665728741414,270.650475983587,0,,,,,,,,,,,
16:42:00,0.95,788.7435811342549,298.32711086530384,0,,,,,,,,,,,
16:43:00,0.95,781.124681487464,289.99836338333654,0,,,,,,,,,,,
16:44:00,0.95,777.2263474046346,285.83475752106597,0,,,,,,,,,,,
16:45:00,0.94,773.2670858342176,278.70706774287504,0,,,,,,,,,,,
16:46:00,0.86,769.2456014513875,251.2200209607704,0,,,,,,,,,,,
16:47:00,0.63,765.16056427117,181.27448060473426,0,,,,,,,,,,,
16:48:00,0.75,761.0106086271825,212.52007510699966,0,,,,,,,,,,,
16:49:00,0.73,756.7943321244535,203.65913516843008,0,,,,,,,,,,,
16:50:00,0.68,752.5102945665694,186.73660445415422,0,,,,,,,,,,,
16:51:00,0.24,748.1570168575465,64.85833261166741,0,,,,,,,,,,,
16:52:00,0.24,743.732979879026,63.810399306819406,0,,,,,,,,,,,
16:53:00,0.24,739.2366233435763,62.76332319801767,0,,,,,,,,,,,
16:54:00,0.24,734.6663446251537,61.71719280027196,0,,,,,,,,,,,
16:55:00,0.25,730.020497568025,63.20010311864875,0,,,,,,,,,,,
16:56:00,0.22,725.2973912758008,54.65912386569596,0,,,,,,,,,,,
16:57:00,0.26,720.4952888825643,63.46751354497021,0,,,,,,,,,,,
16:58:00,0.25,715.6124063085291,59.941649560669916,0,,,,,,,,,,,
16:59:00,0.25,710.646911003105,58.858329081463076,0,,,,,,,,,,,
17:00:00,0.24,705.5969206788233,55.46553848046103,0,,,,,,,,,,,
17:01:00,0.27,700.4605020401741,61.23230850157031,0,,,,,,,,,,,
17:02:00,0.32,695.2356695121338,71.19152944443452,0,,,,,,,,,,,
17:03:00,0.36,689.9203839739538,78.54065651047154,0,,,,,,,,,,,
17:04:00,0.36,684.5125515047202,76.99381182783218,0,,,,,,,,,,,
17:05:00,0.35,679.0100221482239,73.35428161999202,0,,,,,,,,,,,
17:06:00,0.35,673.4105887058984,71.85671417221614,0,,,,,,,,,,,
17:07:00,0.35,667.7119855679215,70.3625805432699,0,,,,,,,,,,,
17:08:00,0.36,661.9118875941512,70.83984848520582,0,,,,,,,,,,,
17:09:00,0.37,656.0079090583052,71.23599206171225,0,,,,,,,,,,,
17:10:00,0.39,649.9976026708345,73.43450045729924,0,,,,,,,,,,,
17:11:00,0.36,643.8784586981986,66.26506225976092,0,,,,,,,,,,,
17:12:00,0.34,637.6479041988943,61.15186327904333,0,,,,,,,,,,,
17:13:00,0.34,631.3033023995229,59.72462402495728,0,,,,,,,,,,,
17:14:00,0.32,624.8419522376081,54.87264290411389,0,,,,,,,,,,,
17:15:00,0.31,618.2610881016996,51.86553444816583,0,,,,,,,,,,,
17:16:00,0.34,611.5578798037258,55.4726619166294,0,,,,,,,,,,,
17:17:00,0.36,604.7294328235729,57.24644491510313,0,,,,,,,,,,,
17:18:00,0.41,597.7727888715789,63.50818168243218,0,,,,,,,,,,,
17:19:00,0.38,590.684926821205,57.30248278936077,0,,,,,,,,,,,
17:20:00,0.38,583.4627640715703,55.75084816288048,0,,,,,,,,,,,
17:21:00,0.38,576.1031584081022,54.20667174314896,0,,,,,,,,,,,
17:22:00,0.45,568.6029104392748,62.37272464202738,0,,,,,,,,,,,
17:23:00,0.7,560.9587666985714,94.20912522637963,0,,,,,,,,,,,
17:24:00,0.71,553.167423513534,92.71560188892232,0,,,,,,,,,,,
17:25:00,0.69,545.2255317583688,87.3607308973003,0,,,,,,,,,,,
17:26:00,0.67,537.1297026232513,82.18135413794685,0,,,,,,,,,,,
17:27:00,0.66,528.8765145526187,78.36405727091912,0,,,,,,,,,,,
17:28:00,0.59,520.4625215266154,67.75263097674538,0,,,,,,,,,,,
17:29:00,0.6,511.8842628849929,66.57875737905682,0,,,,,,,,,,,
17:30:00,0.59,503.1382749214992,63.20290730615903,0,,,,,,,,,,,
17:31:00,0.7,494.22110450983365,72.31925374178635,0,,,,,,,,,,,
17:32:00,0.59,485.1293250600287,58.725603841808905,0,,,,,,,,,,,
17:33:00,0.52,475.85955514754284,49.81086362509432,0,,,,,,,,,,,
17:34:00,0.53,466.40848020707426,48.80257537197347,0,,,,,,,,,,,
17:35:00,0.58,456.7728777401534,51.27613286068092,0,,,,,,,,,,,
17:36:00,0.59,446.9496465509209,50.0155727819225,0,,,,,,,,,,,
17:37:00,0.27,436.93584059937376,21.917831261712703,0,,,,,,,,,,,
17:38:00,0.26,426.7287081469975,20.182219116769392,0,,,,,,,,,,,
17:39:00,0.28,416.32573696763194,20.752017924308312,0,,,,,,,,,,,
17:40:00,0.29,405.7247065081109,20.48862288108501,0,,,,,,,,,,,
17:41:00,0.31,394.9237480104598,20.84260688384618,0,,,,,,,,,,,
17:42:00,0.31,372.7167567221236,18.771660726382812,0,,,,,,,,,,,
17:43:00,0.32,361.309422242437,18.33412381527399,0,,,,,,,,,,,
17:44:00,0.33,349.6997532354547,17.850217820987147,0,,,,,,,,,,,
17:45:00,0.33,337.88891108566924,16.813054730449906,0,,,,,,,,,,,
17:46:00,0.31,325.8790142808644,14.839114664683843,0,,,,,,,,,,,
17:47:00,0.33,313.67329729831465,14.80142638909521,0,,,,,,,,,,,
17:48:00,0.38,301.27629248942924,15.924173406680525,0,,,,,,,,,,,
17:49:00,0.37,288.6940380161163,14.441085779808734,0,,,,,,,,,,,
17:50:00,0.34,275.9343151882818,12.317784697255115,0,,,,,,,,,,,
17:51:00,0.32,263.00691882373536,10.721775271684969,0,,,,,,,,,,,
17:52:00,0.32,249.9239644668271,9.8764087441364,0,,,,,,,,,,,
17:53:00,0.32,236.70023641136146,9.058272767979476,0,,,,,,,,,,,
17:54:00,0.86,223.3535804034486,22.221779168836132,0,,,,,,,,,,,
17:55:00,0.58,209.90534454369393,13.609218030900026,0,,,,,,,,,,,
17:56:00,0.57,196.38087110933165,12.075868192997985,0,,,,,,,,,,,
17:57:00,0.59,182.81004055118854,11.214721744773952,0,,,,,,,,,,,
17:58:00,0.66,169.2278664671647,11.177133618799523,0,,,,,,,,,,,
17:59:00,0.66,155.67513646018472,9.880831052867755,0,,,,,,,,,,,
18:00:00,0.66,142.19908781934362,8.659035718686242,0,,,,,,,,,,,
18:01:00,0.83,128.85409803952936,9.44984660564889,0,,,,,,,,,,,
18:02:00,0.84,115.70235711923435,8.208062495465407,0,,,,,,,,,,,
18:03:00,0.42,102.81446975113445,3.478279769858606,0,,,,,,,,,,,
18:04:00,0.41,90.26990888216196,2.8366701707993576,0,,,,,,,,,,,
18:05:00,0.43,78.15720514102286,2.4446311224348207,0,,,,,,,,,,,
18:06:00,0.43,66.5737064916921,1.970561232528126,0,,,,,,,,,,,
18:07:00,0.45,55.62467663382566,1.6253432556277283,0,,,,,,,,,,,
18:08:00,0.3,45.42141828600162,0.8316186752668356,0,,,,,,,,,,,
18:09:00,0.3,36.07801244822502,0.6183116808478529,0,,,,,,,,,,,
18:10:00,0.29,27.706171805278743,0.42765434430556026,0,,,,,,,,,,,
18:11:00,0.29,20.40765269648723,0.29191057827153155,0,,,,,,,,,,,
18:12:00,0.29,14.263734744276569,0.18789368837583348,0,,,,,,,,,,,
18:13:00,0.29,9.321611436698769,0.1122500548572221,0,,,,,,,,,,,
18:14:00,0.23,5.57839445997324,0.04827410642368245,0,,,,,,,,,,,
18:15:00,0.23,2.965175952263055,0.02300166274311945,0,,,,,,,,,,,
18:16:00,0.24,1.3365043346408412,0.009568459750484162,0,,,,,,,,,,,
18:17:00,0.24,0.47428251549116457,0.002952108293592007,0,,,,,,,,,,,
18:18:00,0.25,0.11675223329266109,0.0006433173693301367,0,,,,,,,,,,,
18:19:00,0.26,0.015759197889448722,7.435648581858887e-05,0,,,,,,,,,,,
18:20:00,0.27,0.0007133544606009511,2.7456841381780418e-06,0,,,,,,,,,,,
18:21:00,0.27,3.167221233676656e-06,8.863696473998691e-09,0,,,,,,,,,,,
18:22:00,0.24,2.1088350960370836e-11,3.2777334913861703e-14,0,,,,,,,,,,,
18:23:00,0.23,4.04310493970488e-32,2.4074317530131546e-35,0,,,,,,,,,,,
18:24:00,0.22,0,0,0,,,,,,,,,,,
18:25:00,0.24,0,0,0,,,,,,,,,,,
18:26:00,0.23,0,0,0,,,,,,,,,,,
18:27:00,0.25,0,0,0,,,,,,,,,,,
18:28:00,0.24,0,0,0,,,,,,,,,,,
18:29:00,0.24,0,0,0,,,,,,,,,,,
18:30:00,0.23,0,0,0,,,,,,,,,,,
18:31:00,0.21,0,0,0,,,,,,,,,,,
18:32:00,0.21,0,0,0,,,,,,,,,,,
18:33:00,0.2,0,0,0,,,,,,,,,,,
18:34:00,0.18,0,0,0,,,,,,,,,,,
18:35:00,0.18,0,0,0,,,,,,,,,,,
18:36:00,0.19,0,0,0,,,,,,,,,,,
18:37:00,0.19,0,0,0,,,,,,,,,,,
18:38:00,0.19,0,0,0,,,,,,,,,,,
18:39:00,0.2,0,0,0,,,,,,,,,,,
18:40:00,0.18,0,0,0,,,,,,,,,,,
18:41:00,0.2,0,0,0,,,,,,,,,,,
18:42:00,0.2,0,0,0,,,,,,,,,,,
18:43:00,0.2,0,0,0,,,,,,,,,,,
18:44:00,0.2,0,0,0,,,,,,,,,,,
18:45:00,0.2,0,0,0,,,,,,,,,,,
18:46:00,0.2,0,0,0,,,,,,,,,,,
18:47:00,0.17,0,0,0,,,,,,,,,,,
18:48:00,0.17,0,0,0,,,,,,,,,,,
18:49:00,0.18,0,0,0,,,,,,,,,,,
18:50:00,0.19,0,0,0,,,,,,,,,,,
18:51:00,0.2,0,0,0,,,,,,,,,,,
18:52:00,0.2,0,0,0,,,,,,,,,,,
18:53:00,0.2,0,0,0,,,,,,,,,,,
18:54:00,0.24,0,0,0,,,,,,,,,,,
18:55:00,0.25,0,0,0,,,,,,,,,,,
18:56:00,0.26,0,0,0,,,,,,,,,,,
18:57:00,0.23,0,0,0,,,,,,,,,,,
18:58:00,0.23,0,0,0,,,,,,,,,,,
18:59:00,0.22,0,0,0,,,,,,,,,,,
19:00:00,0.24,0,0,0,,,,,,,,,,,
19:01:00,0.24,0,0,0,,,,,,,,,,,
19:02:00,0.25,0,0,0,,,,,,,,,,,
19:03:00,0.25,0,0,0,,,,,,,,,,,
19:04:00,0.26,0,0,0,,,,,,,,,,,
19:05:00,0.25,0,0,0,,,,,,,,,,,
19:06:00,0.23,0,0,0,,,,,,,,,,,
19:07:00,0.25,0,0,0,,,,,,,,,,,
19:08:00,0.26,0,0,0,,,,,,,,,,,
19:09:00,0.27,0,0,0,,,,,,,,,,,
19:10:00,0.27,0,0,0,,,,,,,,,,,
19:11:00,0.26,0,0,0,,,,,,,,,,,
19:12:00,0.26,0,0,0,,,,,,,,,,,
19:13:00,0.29,0,0,0,,,,,,,,,,,
19:14:00,0.28,0,0,0,,,,,,,,,,,
19:15:00,0.25,0,0,0,,,,,,,,,,,
19:16:00,0.24,0,0,0,,,,,,,,,,,
19:17:00,0.22,0,0,0,,,,,,,,,,,
19:18:00,0.22,0,0,0,,,,,,,,,,,
19:19:00,0.25,0,0,0,,,,,,,,,,,
19:20:00,0.23,0,0,0,,,,,,,,,,,
19:21:00,0.24,0,0,0,,,,,,,,,,,
19:22:00,0.26,0,0,0,,,,,,,,,,,
19:23:00,0.27,0,0,0,,,,,,,,,,,
19:24:00,0.33,0,0,0,,,,,,,,,,,
19:25:00,0.31,0,0,0,,,,,,,,,,,
19:26:00,0.3,0,0,0,,,,,,,,,,,
19:27:00,0.3,0,0,0,,,,,,,,,,,
19:28:00,0.28,0,0,0,,,,,,,,,,,
19:29:00,0.28,0,0,0,,,,,,,,,,,
19:30:00,0.27,0,0,0,,,,,,,,,,,
19:31:00,0.27,0,0,0,,,,,,,,,,,
19:32:00,0.27,0,0,0,,,,,,,,,,,
19:33:00,0.23,0,0,0,,,,,,,,,,,
19:34:00,0.24,0,0,0,,,,,,,,,,,
19:35:00,0.24,0,0,0,,,,,,,,,,,
19:36:00,0.26,0,0,0,,,,,,,,,,,
19:37:00,0.23,0,0,0,,,,,,,,,,,
19:38:00,0.24,0,0,0,,,,,,,,,,,
19:39:00,0.27,0,0,0,,,,,,,,,,,
19:40:00,0.3,0,0,0,,,,,,,,,,,
19:41:00,0.34,0,0,0,,,,,,,,,,,
19:42:00,0.31,0,0,0,,,,,,,,,,,
19:43:00,0.3,0,0,0,,,,,,,,,,,
19:44:00,0.3,0,0,0,,,,,,,,,,,
19:45:00,0.31,0,0,0,,,,,,,,,,,
19:46:00,0.34,0,0,0,,,,,,,,,,,
19:47:00,0.31,0,0,0,,,,,,,,,,,
19:48:00,0.29,0,0,0,,,,,,,,,,,
19:49:00,0.3,0,0,0,,,,,,,,,,,
19:50:00,0.46,0,0,0,,,,,,,,,,,
19:51:00,0.44,0,0,0,,,,,,,,,,,
19:52:00,0.45,0,0,0,,,,,,,,,,,
19:53:00,0.47,0,0,0,,,,,,,,,,,
19:54:00,0.56,0,0,0,,,,,,,,,,,
19:55:00,0.48,0,0,0,,,,,,,,,,,
19:56:00,0.47,0,0,0,,,,,,,,,,,
19:57:00,0.46,0,0,0,,,,,,,,,,,
19:58:00,0.71,0,0,0,,,,,,,,,,,
19:59:00,0.76,0,0,0,,,,,,,,,,,
20:00:00,0.67,0,0,0,,,,,,,,,,,
20:01:00,0.65,0,0,0,,,,,,,,,,,
20:02:00,0.68,0,0,0,,,,,,,,,,,
20:03:00,0.69,0,0,0,,,,,,,,,,,
20:04:00,0.67,0,0,0,,,,,,,,,,,
20:05:00,0.68,0,0,0,,,,,,,,,,,
20:06:00,0.69,0,0,0,,,,,,,,,,,
20:07:00,0.7,0,0,0,,,,,,,,,,,
20:08:00,0.64,0,0,0,,,,,,,,,,,
20:09:00,0.56,0,0,0,,,,,,,,,,,
20:10:00,0.58,0,0,0,,,,,,,,,,,
20:11:00,0.56,0,0,0,,,,,,,,,,,
20:12:00,0.56,0,0,0,,,,,,,,,,,
20:13:00,0.5,0,0,0,,,,,,,,,,,
20:14:00,0.89,0,0,0,,,,,,,,,,,
20:15:00,0.9,0,0,0,,,,,,,,,,,
20:16:00,0.72,0,0,0,,,,,,,,,,,
20:17:00,0.85,0,0,0,,,,,,,,,,,
20:18:00,0.86,0,0,0,,,,,,,,,,,
20:19:00,0.83,0,0,0,,,,,,,,,,,
20:20:00,0.51,0,0,0,,,,,,,,,,,
20:21:00,0.51,0,0,0,,,,,,,,,,,
20:22:00,0.5,0,0,0,,,,,,,,,,,
20:23:00,0.45,0,0,0,,,,,,,,,,,
20:24:00,0.47,0,0,0,,,,,,,,,,,
20:25:00,0.45,0,0,0,,,,,,,,,,,
20:26:00,0.46,0,0,0,,,,,,,,,,,
20:27:00,0.47,0,0,0,,,,,,,,,,,
20:28:00,0.49,0,0,0,,,,,,,,,,,
20:29:00,0.42,0,0,0,,,,,,,,,,,
20:30:00,0.42,0,0,0,,,,,,,,,,,
20:31:00,0.46,0,0,0,,,,,,,,,,,
20:32:00,0.44,0,0,0,,,,,,,,,,,
20:33:00,0.43,0,0,0,,,,,,,,,,,
20:34:00,0.43,0,0,0,,,,,,,,,,,
20:35:00,0.4,0,0,0,,,,,,,,,,,
20:36:00,0.38,0,0,0,,,,,,,,,,,
20:37:00,0.37,0,0,0,,,,,,,,,,,
20:38:00,0.37,0,0,0,,,,,,,,,,,
20:39:00,0.39,0,0,0,,,,,,,,,,,
20:40:00,0.39,0,0,0,,,,,,,,,,,
20:41:00,0.8,0,0,0,,,,,,,,,,,
20:42:00,0.8,0,0,0,,,,,,,,,,,
20:43:00,0.8,0,0,0,,,,,,,,,,,
20:44:00,0.8,0,0,0,,,,,,,,,,,
20:45:00,0.79,0,0,0,,,,,,,,,,,
20:46:00,0.79,0,0,0,,,,,,,,,,,
20:47:00,0.71,0,0,0,,,,,,,,,,,
20:48:00,0.7,0,0,0,,,,,,,,,,,
20:49:00,0.74,0,0,0,,,,,,,,,,,
20:50:00,0.92,0,0,0,,,,,,,,,,,
20:51:00,0.39,0,0,0,,,,,,,,,,,
20:52:00,0.93,0,0,0,,,,,,,,,,,
20:53:00,0.89,0,0,0,,,,,,,,,,,
20:54:00,1,0,0,0,,,,,,,,,,,
20:55:00,1,0,0,0,,,,,,,,,,,
20:56:00,1,0,0,0,,,,,,,,,,,
20:57:00,1,0,0,0,,,,,,,,,,,
20:58:00,1,0,0,0,,,,,,,,,,,
20:59:00,1,0,0,0,,,,,,,,,,,
21:00:00,0.96,0,0,0,,,,,,,,,,,
21:01:00,0.83,0,0,0,,,,,,,,,,,
21:02:00,0.82,0,0,0,,,,,,,,,,,
21:03:00,0.83,0,0,0,,,,,,,,,,,
21:04:00,0.87,0,0,0,,,,,,,,,,,
21:05:00,0.87,0,0,0,,,,,,,,,,,
21:06:00,0.82,0,0,0,,,,,,,,,,,
21:07:00,0.82,0,0,0,,,,,,,,,,,
21:08:00,0.69,0,0,0,,,,,,,,,,,
21:09:00,0.79,0,0,0,,,,,,,,,,,
21:10:00,0.79,0,0,0,,,,,,,,,,,
21:11:00,0.78,0,0,0,,,,,,,,,,,
21:12:00,0.43,0,0,0,,,,,,,,,,,
21:13:00,0.62,0,0,0,,,,,,,,,,,
21:14:00,0.64,0,0,0,,,,,,,,,,,
21:15:00,0.63,0,0,0,,,,,,,,,,,
21:16:00,0.57,0,0,0,,,,,,,,,,,
21:17:00,0.54,0,0,0,,,,,,,,,,,
21:18:00,0.54,0,0,0,,,,,,,,,,,
21:19:00,0.53,0,0,0,,,,,,,,,,,
21:20:00,0.47,0,0,0,,,,,,,,,,,
21:21:00,0.48,0,0,0,,,,,,,,,,,
21:22:00,0.36,0,0,0,,,,,,,,,,,
21:23:00,0.35,0,0,0,,,,,,,,,,,
21:24:00,0.32,0,0,0,,,,,,,,,,,
21:25:00,0.36,0,0,0,,,,,,,,,,,
21:26:00,0.3,0,0,0,,,,,,,,,,,
21:27:00,0.28,0,0,0,,,,,,,,,,,
21:28:00,0.29,0,0,0,,,,,,,,,,,
21:29:00,0.29,0,0,0,,,,,,,,,,,
21:30:00,0.29,0,0,0,,,,,,,,,,,
21:31:00,0.29,0,0,0,,,,,,,,,,,
21:32:00,0.29,0,0,0,,,,,,,,,,,
21:33:00,0.29,0,0,0,,,,,,,,,,,
21:34:00,0.29,0,0,0,,,,,,,,,,,
21:35:00,0.3,0,0,0,,,,,,,,,,,
21:36:00,0.31,0,0,0,,,,,,,,,,,
21:37:00,0.32,0,0,0,,,,,,,,,,,
21:38:00,0.34,0,0,0,,,,,,,,,,,
21:39:00,0.42,0,0,0,,,,,,,,,,,
21:40:00,0.38,0,0,0,,,,,,,,,,,
21:41:00,0.37,0,0,0,,,,,,,,,,,
21:42:00,0.36,0,0,0,,,,,,,,,,,
21:43:00,0.35,0,0,0,,,,,,,,,,,
21:44:00,0.35,0,0,0,,,,,,,,,,,
21:45:00,0.35,0,0,0,,,,,,,,,,,
21:46:00,0.34,0,0,0,,,,,,,,,,,
21:47:00,0.34,0,0,0,,,,,,,,,,,
21:48:00,0.33,0,0,0,,,,,,,,,,,
21:49:00,0.47,0,0,0,,,,,,,,,,,
21:50:00,0.49,0,0,0,,,,,,,,,,,
21:51:00,0.55,0,0,0,,,,,,,,,,,
21:52:00,0.58,0,0,0,,,,,,,,,,,
21:53:00,0.46,0,0,0,,,,,,,,,,,
21:54:00,0.51,0,0,0,,,,,,,,,,,
21:55:00,0.51,0,0,0,,,,,,,,,,,
21:56:00,0.5,0,0,0,,,,,,,,,,,
21:57:00,0.5,0,0,0,,,,,,,,,,,
21:58:00,0.55,0,0,0,,,,,,,,,,,
21:59:00,0.56,0,0,0,,,,,,,,,,,
22:00:00,0.62,0,0,0,,,,,,,,,,,
22:01:00,0.37,0,0,0,,,,,,,,,,,
22:02:00,0.32,0,0,0,,,,,,,,,,,
22:03:00,0.31,0,0,0,,,,,,,,,,,
22:04:00,0.32,0,0,0,,,,,,,,,,,
22:05:00,0.27,0,0,0,,,,,,,,,,,
22:06:00,0.26,0,0,0,,,,,,,,,,,
22:07:00,0.29,0,0,0,,,,,,,,,,,
22:08:00,0.28,0,0,0,,,,,,,,,,,
22:09:00,0.25,0,0,0,,,,,,,,,,,
22:10:00,0.68,0,0,0,,,,,,,,,,,
22:11:00,0.68,0,0,0,,,,,,,,,,,
22:12:00,0.64,0,0,0,,,,,,,,,,,
22:13:00,0.66,0,0,0,,,,,,,,,,,
22:14:00,0.94,0,0,0,,,,,,,,,,,
22:15:00,0.95,0,0,0,,,,,,,,,,,
22:16:00,0.94,0,0,0,,,,,,,,,,,
22:17:00,0.96,0,0,0,,,,,,,,,,,
22:18:00,0.92,0,0,0,,,,,,,,,,,
22:19:00,0.92,0,0,0,,,,,,,,,,,
22:20:00,0.94,0,0,0,,,,,,,,,,,
22:21:00,0.93,0,0,0,,,,,,,,,,,
22:22:00,0.91,0,0,0,,,,,,,,,,,
22:23:00,0.91,0,0,0,,,,,,,,,,,
22:24:00,0.93,0,0,0,,,,,,,,,,,
22:25:00,0.92,0,0,0,,,,,,,,,,,
22:26:00,0.88,0,0,0,,,,,,,,,,,
22:27:00,0.87,0,0,0,,,,,,,,,,,
22:28:00,0.88,0,0,0,,,,,,,,,,,
22:29:00,0.89,0,0,0,,,,,,,,,,,
22:30:00,0.89,0,0,0,,,,,,,,,,,
22:31:00,0.87,0,0,0,,,,,,,,,,,
22:32:00,0.87,0,0,0,,,,,,,,,,,
22:33:00,0.88,0,0,0,,,,,,,,,,,
22:34:00,0.88,0,0,0,,,,,,,,,,,
22:35:00,0.88,0,0,0,,,,,,,,,,,
22:36:00,0.69,0,0,0,,,,,,,,,,,
22:37:00,0.71,0,0,0,,,,,,,,,,,
22:38:00,0.52,0,0,0,,,,,,,,,,,
22:39:00,0.52,0,0,0,,,,,,,,,,,
22:40:00,0.35,0,0,0,,,,,,,,,,,
22:41:00,0.28,0,0,0,,,,,,,,,,,
22:42:00,0.29,0,0,0,,,,,,,,,,,
22:43:00,0.28,0,0,0,,,,,,,,,,,
22:44:00,0.29,0,0,0,,,,,,,,,,,
22:45:00,0.3,0,0,0,,,,,,,,,,,
22:46:00,0.31,0,0,0,,,,,,,,,,,
22:47:00,0.28,0,0,0,,,,,,,,,,,
22:48:00,0.28,0,0,0,,,,,,,,,,,
22:49:00,0.28,0,0,0,,,,,,,,,,,
22:50:00,0.28,0,0,0,,,,,,,,,,,
22:51:00,0.25,0,0,0,,,,,,,,,,,
22:52:00,0.21,0,0,0,,,,,,,,,,,
22:53:00,0.2,0,0,0,,,,,,,,,,,
22:54:00,0.2,0,0,0,,,,,,,,,,,
22:55:00,0.2,0,0,0,,,,,,,,,,,
22:56:00,0.22,0,0,0,,,,,,,,,,,
22:57:00,0.2,0,0,0,,,,,,,,,,,
22:58:00,0.21,0,0,0,,,,,,,,,,,
22:59:00,0.22,0,0,0,,,,,,,,,,,
23:00:00,0.21,0,0,0,,,,,,,,,,,
23:01:00,0.21,0,0,0,,,,,,,,,,,
23:02:00,0.22,0,0,0,,,,,,,,,,,
23:03:00,0.21,0,0,0,,,,,,,,,,,
23:04:00,0.21,0,0,0,,,,,,,,,,,
23:05:00,0.23,0,0,0,,,,,,,,,,,
23:06:00,0.23,0,0,0,,,,,,,,,,,
23:07:00,0.23,0,0,0,,,,,,,,,,,
23:08:00,0.23,0,0,0,,,,,,,,,,,
23:09:00,0.22,0,0,0,,,,,,,,,,,
23:10:00,0.2,0,0,0,,,,,,,,,,,
23:11:00,0.2,0,0,0,,,,,,,,,,,
23:12:00,0.2,0,0,0,,,,,,,,,,,
23:13:00,0.25,0,0,0,,,,,,,,,,,
23:14:00,0.25,0,0,0,,,,,,,,,,,
23:15:00,0.25,0,0,0,,,,,,,,,,,
23:16:00,0.24,0,0,0,,,,,,,,,,,
23:17:00,0.23,0,0,0,,,,,,,,,,,
23:18:00,0.19,0,0,0,,,,,,,,,,,
23:19:00,0.19,0,0,0,,,,,,,,,,,
23:20:00,0.2,0,0,0,,,,,,,,,,,
23:21:00,0.18,0,0,0,,,,,,,,,,,
23:22:00,0.19,0,0,0,,,,,,,,,,,
23:23:00,0.2,0,0,0,,,,,,,,,,,
23:24:00,0.21,0,0,0,,,,,,,,,,,
23:25:00,0.21,0,0,0,,,,,,,,,,,
23:26:00,0.21,0,0,0,,,,,,,,,,,
23:27:00,0.21,0,0,0,,,,,,,,,,,
23:28:00,0.21,0,0,0,,,,,,,,,,,
23:29:00,0.21,0,0,0,,,,,,,,,,,
23:30:00,0.21,0,0,0,,,,,,,,,,,
23:31:00,0.24,0,0,0,,,,,,,,,,,
23:32:00,0.22,0,0,0,,,,,,,,,,,
23:33:00,0.2,0,0,0,,,,,,,,,,,
23:34:00,0.2,0,0,0,,,,,,,,,,,
23:35:00,0.21,0,0,0,,,,,,,,,,,
23:36:00,0.2,0,0,0,,,,,,,,,,,
23:37:00,0.18,0,0,0,,,,,,,,,,,
23:38:00,0.22,0,0,0,,,,,,,,,,,
23:39:00,0.22,0,0,0,,,,,,,,,,,
23:40:00,0.2,0,0,0,,,,,,,,,,,
23:41:00,0.21,0,0,0,,,,,,,,,,,
23:42:00,0.22,0,0,0,,,,,,,,,,,
23:43:00,0.2,0,0,0,,,,,,,,,,,
23:44:00,0.19,0,0,0,,,,,,,,,,,
23:45:00,0.19,0,0,0,,,,,,,,,,,
23:46:00,0.18,0,0,0,,,,,,,,,,,
23:47:00,0.17,0,0,0,,,,,,,,,,,
23:48:00,0.15,0,0,0,,,,,,,,,,,
23:49:00,0.15,0,0,0,,,,,,,,,,,
23:50:00,0.47,0,0,0,,,,,,,,,,,
23:51:00,0.48,0,0,0,,,,,,,,,,,
23:52:00,0.46,0,0,0,,,,,,,,,,,
23:53:00,0.49,0,0,0,,,,,,,,,,,
23:54:00,0.59,0,0,0,,,,,,,,,,,
23:55:00,0.59,0,0,0,,,,,,,,,,,
23:56:00,0.54,0,0,0,,,,,,,,,,,
23:57:00,0.52,0,0,0,,,,,,,,,,,
23:58:00,0.53,0,0,0,,,,,,,,,,,
23:59:00,0.57,0,0,0,,,,,,,,,,,
