,Appliance and water fixture model configuration,,,,,,,,,,,,,,,,,means used by VBA code,,,,,,,,,,,,,,,,,,,,,,,,,,,,,,,,,,,,,,,,,,,,,,,,,,,,
,,,,,,,,,,,,,,,,,,means ultimately a power input required from external data sources,,,,,,,,,,,,,,,,,,,,,,,,,,,,,,,,,,,,,,,,,,,,,,,,,,,,
,Appliance category,Appliance type,,,Proportion,Appliance demand configuration for UK,,,,,,,,,,,,,,,,,,,,,,,,,,,Databases of appliance ownership to draw from,,,,,,,,,,,,,,"Databases of annual energy demand to draw from, kWh/y per appliance",,,,,,,,"Databases of operating loads, Watts per appliance",,,,,,,,"Databases of standby loads, Watts per appliance",,,,,,,
,,,,,of dwellings,,,,,,,,,,,,,,,,,,,Time appliance,Time appliance,Time when,Time when ,Average tme ,Probability of ,Overall average demand,Appliance,,,,,,,,,,,,,,,,,,,,,,,,,,,,,,,,,,,,,,,
,,,,,with,Associated,Average,Total number,Average number,Probability of ,Active occupancy,Active,Number of minutes,Probability of,,,,Delay start,,,,,Target number,spent running,spent in delayed,appliance is,appliance could,between switch,switch on event,per dwelling taking,mean,Heat gains ratio,,,,,,,,,,,,,,,,,,,,,,,,,,,,,,,,,,,,,,
,,,,,appliance,activity use,activity,of minutes,of minutes activity,activity occurring,dependent?,occupancy-dependent,in which appliance,activity occurring ,Mean cycle,Mean cycle ,Mean cycle,after cycle,Standby,Standby losses,Target demand,Target demand,of cycles,in period,restart mode,available to ,be switched on,on events,,ownership into,power,(for casual,UK,India,,,,,,India,,,,,,Appliance,UK,India,,,,,,,UK,India,,,,,,,UK,India,,,,,,
,,UK Appliance Names,Indian Database Equivalent,Short name,,profile,probability,in period,performed in period,,,probability,can operate,given active,power,demand,length,has finished,Power,for period,for period,for cycles only,in period,,,switch on,due to activity occurring,,,account,factor,thermal gains),Urban/Rural,Urban,,,,,,Rural,,,,,,no,Urban/Rural,Urban/Rural,,,,,,,Urban/Rural,Urban/Rural,,,,,,,Urban/Rural,Urban/Rural,,,,,,
,,,,,,,,(minutes/year),(minutes/year),,,multiplier,(min),occupancy,(W),(kWh),(min),(min),(W),,(kWh/y),(kWh/y),(cycles/y),(min),(min),(min),(min),(min),,(kWh/y),,,Any year,2006,2011.0,2016.0,2021.0,2026.0,2031.0,2006,2011.0,2016.0,2021.0,2026.0,2031.0,,Any year,2006,2011.0,2016.0,2021.0,2026.0,2031.0,,Any year,2006,2011.0,2016.0,2021.0,2026.0,2031.0,,Any year,2006,2011.0,2016.0,2021.0,2026.0,2031.0,
,Cold,Chest freezer,,CHEST_FREEZER,0.163,LEVEL,1,525600,525600,1,NO,1,525600,1,190,0.044333333333333336,14,56,0,0,271.13199689728316,271.13199689728316,6115.759328510146,85620.63059914204,342482.52239656815,97496.8470042898,97496.8470042898,15.941903820476355,0.06272776521933121,44.19451549425715,0.8,1,0.163,0,0.0,0.0,0.0,0.0,0.0,0,0.0,0.0,0.0,0.0,0.0,1,271.13199689728316,947.1212121212121,763.070707070707,523.340689503733,386.4579149875919,323.52082664096804,299.3457213645892,,190,695.0498132004982,559.9833955998339,384.05627899001934,283.60414504960266,237.41743638035814,219.67641000336783,,0,0,0.0,0.0,0.0,0.0,0.0,1.0
,,Fridge freezer,,FRIDGE_FREEZER,0.651,LEVEL,1,525600,525600,1,NO,1,525600,1,190,0.06966666666666667,22,44,0,0,426.06456655287354,426.06456655287354,6115.759328510147,134546.70522722322,269093.41045444645,121959.88431833033,121959.88431833033,19.941903820476345,0.05014566357366543,277.3680328259207,0.8,1,0.651,0,0.0,0.0,0.0,0.0,0.0,0,0.0,0.0,0.0,0.0,0.0,2,426.06456655287354,1488.3333333333335,1199.111111111111,822.3925120772946,607.2910092662158,508.38987043580687,470.40041928721166,,190,695.0498132004982,559.9833955998339,384.05627899001934,283.60414504960266,237.41743638035814,219.67641000336783,,0,0,0.0,0.0,0.0,0.0,0.0,2.0
,,Refrigerator,Refrigerator,FRIDGE,0.43,LEVEL,1,525600,525600,1,NO,1,525600,1,110,0.033,18,36,0,0,201.82005784083483,201.82005784083483,6115.759328510147,110083.66791318264,220167.33582636528,195348.99626045208,195348.99626045208,31.941903820476345,0.03130683773955109,86.78262487155898,0.8,1,0.43,0.3478295996107345,0.4744630215697027,0.6020572249767058,0.6858448678991587,0.7407187314138567,0.7486459948550025,0.044311563373339455,0.08927178803053641,0.16778866443321538,0.2765145670029344,0.373595353871643,0.4354183884397059,3,201.82005784083483,705,568.0,389.55434782608694,287.664162283997,240.81625441696116,222.8212512413108,,110,402.3972602739726,324.2009132420091,222.34837204685329,164.19187344976996,137.45220000968104,127.18107947563402,,0,0,0.0,0.0,0.0,0.0,0.0,3.0
,,Upright freezer,,UPRIGHT_FREEZER,0.291,LEVEL,1,525600,525600,1,NO,1,525600,1,155,0.051666666666666666,20,40,0,0,315.9808986396909,315.9808986396909,6115.759328510147,122315.18657020293,244630.37314040586,158654.4402893912,158654.4402893912,25.941903820476345,0.03854767201822268,91.95044150415005,0.8,1,0.291,0,0.0,0.0,0.0,0.0,0.0,0,0.0,0.0,0.0,0.0,0.0,4,315.9808986396909,1103.7878787878788,889.2929292929293,609.9083223539745,450.3832843840356,377.0355498447372,348.8615549737694,,155,567.0143212951433,456.8285595682856,313.30906970238414,231.36127622467583,193.6826454681869,179.2097028974843,,0,0,0.0,0.0,0.0,0.0,0.0,4.0
,Consumer Electronics + ICT,Answer machine,,ANSWER_MACHINE,0.9,ACTIVE_OCC,0.47196350983623836,525600,248064.0207699269,0.47196350983623836,YES,0.47196350983623836,248064.0207699269,1,0,0,0,0,1,8.76,8.76,0,0,0,0,248064.0207699269,248064.0207699269,0,1,7.884,1,1,0.9,0,0.0,0.0,0.0,0.0,0.0,0,0.0,0.0,0.0,0.0,0.0,5,8.76,8.76,8.76,8.76,8.76,8.76,8.76,,0,0,0.0,0.0,0.0,0.0,0.0,,1,1,1.0,1.0,1.0,1.0,1.0,5.0
,,Cassette / CD Player,CD Player,CD_PLAYER,0.9,ACTIVE_OCC,0.47196350983623836,525600,248064.0207699269,0.47196350983623836,YES,0.47196350983623836,248064.0207699269,1,15,0.015,60,0,2,17.52,33.285917155258325,15.765917155258325,1212.7628580967942,72765.77148580765,0,175298.24928411923,175298.24928411923,144.54453986100566,0.0069182827726429665,29.957325439732493,1,1,0.9,0.28896612890737944,0.37361097833749546,0.4702938592410631,0.5533623507097023,0.6239387512359964,0.6508999302448538,0.1141174508792852,0.17413509270154018,0.24808017256690126,0.3158087423138777,0.35514620059403096,0.37464214279508096,6,33.285917155258325,65.9325,63.315,59.857526427061316,58.00184782608695,56.58389328063242,56.308075157773956,,15,35,35.0,34.02652955899214,33.44560606142005,33.103823900077465,32.942459348467835,,2,1.6999999999999997,1.4000000000000001,1.1666238705940162,1.0511476190732016,0.9458235400022134,0.9412131242419383,6.0
,,Clock,,CLOCK,0.9,LEVEL,1,525600,525600,1,NO,1,525600,1,0,0,0,0,2,17.52,17.52,0,0,0,0,525600,525600,0,1,15.768,1,1,0.9,0,0.0,0.0,0.0,0.0,0.0,0,0.0,0.0,0.0,0.0,0.0,7,17.52,17.52,17.52,17.52,17.52,17.52,17.52,,0,0,0.0,0.0,0.0,0.0,0.0,,2,2,2.0,2.0,2.0,2.0,2.0,7.0
,,Cordless telephone,,PHONE,0.9,ACTIVE_OCC,0.47196350983623836,525600,248064.0207699269,0.47196350983623836,YES,0.47196350983623836,248064.0207699269,1,0,0,0,0,1,8.76,8.76,0,0,0,0,248064.0207699269,248064.0207699269,0,1,7.884,1,1,0.9,0,0.0,0.0,0.0,0.0,0.0,0,0.0,0.0,0.0,0.0,0.0,8,8.76,8.76,8.76,8.76,8.76,8.76,8.76,,0,0,0.0,0.0,0.0,0.0,0.0,,1,1,1.0,1.0,1.0,1.0,1.0,8.0
,,Hi-Fi,Radio,HIFI,0.9,ACTIVE_OCC,0.47196350983623836,525600,248064.0207699269,0.47196350983623836,YES,0.47196350983623836,248064.0207699269,1,100,0.1,60,0,9,78.84,88.79772459498567,9.957724594985663,109.42554499984244,6565.5326999905465,0,241498.48806993634,241498.48806993634,2206.96628077369,0.00045311068352590905,79.9179521354871,1,1,0.9,0.30903322119261417,0.3564202891501873,0.40846643378049236,0.45062080676685856,0.4929783448936817,0.5087238362664557,0.1742112149061428,0.23860916183470535,0.3088134928218688,0.3657754096845834,0.3952731089728371,0.4106737741415371,9,88.79772459498567,38.963300000000004,35.463699999999996,32.5274593220339,31.084614035087714,30.891486187845302,30.867169014084503,,100,11,11.0,10.612894163605304,10.412337598159654,10.347646032653197,10.3395005680724,,9,1.7000000000000002,1.3,1.0612894163605304,0.9465761452872413,0.9406950938775633,0.939954597097491,9.0
,,Iron,,IRON,0.9,ACT_IRON,0.008414508554744604,525600,4422.665696373764,0.008414508554744604,YES,0.47196350983623836,248064.0207699269,0.017828726965913668,1000,0.5,30,0,0,0,17.7297346053873,17.7297346053873,35.4594692107746,1063.784076323238,0,247000.23669360366,4403.69978052631,124.18967002439551,0.008052199509053873,15.95676114484857,1,1,0.9,0,0.0,0.0,0.0,0.0,0.0,0,0.0,0.0,0.0,0.0,0.0,10,17.7297346053873,17.72973460538734,17.72973460538734,17.72973460538734,17.72973460538734,17.72973460538734,17.72973460538734,,1000,1000.0000000000023,1000.0000000000023,1000.0000000000023,1000.0000000000023,1000.0000000000023,1000.0000000000023,,0,0,0.0,0.0,0.0,0.0,0.0,10.0
,,Vacuum,,VACUUM,0.937,ACT_HOUSECLEAN,0.03107956976542231,525600,16335.421868705966,0.03107956976542231,YES,0.47196350983623836,248064.0207699269,0.06585163708144785,2000,0.6666666666666666,20,0,0,0,73.57839861235746,73.57839861235746,110.3675979185362,2207.351958370724,0,245856.66881155618,16190.064128632317,146.6921853330759,0.006816995722910685,68.94295949977895,1,0.7,0.937,0,0.0,0.0,0.0,0.0,0.0,0,0.0,0.0,0.0,0.0,0.0,11,73.57839861235746,73.57839861235746,73.57839861235746,73.57839861235746,73.57839861235746,73.57839861235746,73.57839861235746,,2000,2000,2000.0,2000.0,2000.0,2000.0,2000.0,,0,0,0.0,0.0,0.0,0.0,0.0,11.0
,,Fax,,FAX,0.2,ACTIVE_OCC,0.47196350983623836,525600,248064.0207699269,0.47196350983623836,YES,0.47196350983623836,248064.0207699269,1,37,0.019116666666666667,31,0,3,26.28,29.74280436865415,3.4628043686541474,197.12358834843343,6110.8312388014365,0,241953.18953112545,241953.18953112545,1227.4187557069615,0.0008147178746865619,5.94856087373083,0.9,1,0.2,0,0.0,0.0,0.0,0.0,0.0,0,0.0,0.0,0.0,0.0,0.0,12,29.74280436865415,29.74280436865415,29.74280436865415,29.74280436865415,29.74280436865415,29.74280436865415,29.74280436865415,,37,37,37.0,37.0,37.0,37.0,37.0,,3,3,3.0,3.0,3.0,3.0,3.0,12.0
,,Personal computer,Computer,PC,0.708,ACTIVE_OCC,0.47196350983623836,525600,248064.0207699269,0.47196350983623836,YES,0.47196350983623836,248064.0207699269,1,140.7,0.7035,300,0,5,43.8,348.6079726705239,304.8079726705239,449.2379847760117,134771.3954328035,0,113292.6253371234,113292.6253371234,252.18843725694896,0.003965288856527245,246.8144446507309,0.9,1,0.708,0.020067092285234685,0.035527424320436686,0.060813861108758166,0.09913657748870888,0.14430668979121308,0.17920111845193926,0.0006070077174430064,0.0016531812598247484,0.003088134928218688,0.006306472580768679,0.009224576638805998,0.011721133088606242,13,348.6079726705239,151.9272,94.3757,73.33670303030301,69.97853114754098,69.8141720207254,69.84171598513011,,140.7,116,71.0,55.01989292643218,52.500468821127406,52.3771605568448,52.39782505237974,,5,6.8,4.3,3.3527747252044606,3.199247318787451,3.1917332214327296,3.1929924641293903,13.0
,,Printer,,PRINTER,0.665,ACTIVE_OCC,0.47196350983623836,525600,248064.0207699269,0.47196350983623836,YES,0.47196350983623836,248064.0207699269,1,335.2,0.022346666666666667,4,0,4,35.04,49.49966115289103,14.45966115289103,654.8759580113691,2619.5038320454764,0,245444.51693788142,245444.51693788142,374.7954310053024,0.002668122173522047,32.91727466667253,0.9,1,0.665,0,0.0,0.0,0.0,0.0,0.0,0,0.0,0.0,0.0,0.0,0.0,14,49.49966115289103,49.49966115289103,49.49966115289103,49.49966115289103,49.49966115289103,49.49966115289103,49.49966115289103,,335.2,335.2,335.2,335.2,335.2,335.2,335.2,,4,4,4.0,4.0,4.0,4.0,4.0,14.0
,,TV 1,TV,TV1,0.977,ACT_TV,0.1505303894801248,525600,79118.77271075359,0.1505303894801248,YES,0.47196350983623836,248064.0207699269,0.31894497422556195,124,0.15086666666666668,73,0,3,26.28,241.84443874415882,215.56443874415882,1464.2665373768289,106891.4572285085,0,141172.5635414184,45026.2796400742,30.75005710417781,0.03252026481161027,236.28201665304317,0.9,1,0.977,0.6862945561550262,0.7667047377539401,0.8361905902454249,0.8814142980359753,0.9484202675873368,0.98930865393302,0.2792235500237829,0.40062092529753074,0.5321885859630205,0.634043051004974,0.6816962136077634,0.7041362173970119,15,241.84443874415882,162.7814,170.72560000000001,161.97402210866056,157.13007833698032,153.7350621414914,151.2533597025017,,124,77,92.0,97.18773312935457,99.30125163986605,99.63028329601603,99.37661950287499,,3,5.800000000000001,4.2,2.322184773887233,1.4074193145807787,0.9594027280357099,0.7149397086537769,15.0
,,TV 2,,TV2,0.58,ACT_TV,0.1505303894801248,525600,79118.77271075359,0.1505303894801248,YES,0.47196350983623836,248064.0207699269,0.31894497422556195,124,0.15086666666666668,73,0,3,26.28,241.84443874415888,215.56443874415888,1464.2665373768293,106891.45722850855,0,141172.56354141835,45026.27964007418,30.750057104177788,0.03252026481161029,140.26977447161215,0.9,1,0.58,0,0.0,0.0,0.0,0.0,0.0,0,0.0,0.0,0.0,0.0,0.0,16,241.84443874415888,162.7814,170.72560000000001,161.97402210866056,157.13007833698032,153.7350621414914,151.2533597025017,,124,83.46230206828567,87.53550220104579,83.04833820355526,80.56472092127505,78.82400688862379,77.55157282302073,,3,3,3.0,3.0,3.0,3.0,3.0,16.0
,,TV 3,,TV3,0.18,ACT_TV,0.1505303894801248,525600,79118.77271075359,0.1505303894801248,YES,0.47196350983623836,248064.0207699269,0.31894497422556195,124,0.15086666666666668,73,0,2,17.52,243.36071792403206,225.84071792403205,1521.495966252181,111069.20553640921,0,136994.81523351767,43693.80781368991,28.717662604994292,0.03482177549596568,43.80492922632577,0.9,1,0.18,0,0.0,0.0,0.0,0.0,0.0,0,0.0,0.0,0.0,0.0,0.0,17,243.36071792403206,162.7814,170.72560000000001,161.97402210866056,157.13007833698032,153.7350621414914,151.2533597025017,,124,82.94228325830693,86.99010497909717,82.5308986298422,80.06275573146428,78.33288736227233,77.06838130287295,,2,2,2.0,2.0,2.0,2.0,2.0,17.0
,,VCR / DVD,DVD / VCR,VCR_DVD,0.896,ACT_TV,0.1505303894801248,525600,79118.77271075359,0.1505303894801248,YES,0.47196350983623836,248064.0207699269,0.31894497422556195,33.55219735291432,0.04082184011271243,73,0,2,17.52,73.731,56.211,1464.2663837655311,106891.44601488377,0,141172.57475504314,45026.28321660345,30.750062772603663,0.032520258816867716,66.06297599999999,1,1,0.896,0.03612076611342243,0.0630325270201296,0.10946494999576471,0.17574211463907485,0.25524767096018036,0.31471270802509993,0.005463069456987058,0.01157226881877324,0.023675701116343272,0.03880906203549956,0.0502739426814927,0.05600096920111871,18,73.731,42.864,36.87,22.72679480519481,15.845175362318843,12.388072289156627,11.35736462093863,,33.55219735291432,40,35.0,22.090585930399307,15.400112121993237,12.03894294378681,11.03728340227272,,2,4.2,3.6,2.2090585930399307,1.5400112121993237,1.203894294378681,1.103728340227272,18.0
,,TV Receiver box,,RECEIVER,0.934,ACT_TV,0.1505303894801248,525600,79118.77271075359,0.1505303894801248,YES,0.47196350983623836,248064.0207699269,0.31894497422556195,26.823742372673486,0.03263555322008607,73,0,15,131.4,152.464,21.063999999999993,1464.2467813187068,106890.0150362656,0,141174.0057336613,45026.73962004194,30.750786134213435,0.032519493831326685,142.401376,1,1,0.934,0,0.0,0.0,0.0,0.0,0.0,0,0.0,0.0,0.0,0.0,0.0,19,152.464,88.63594547747896,76.24130528542948,46.99540279094576,32.76530653918407,25.616566349215066,23.48522656096876,,26.823742372673486,15.594158400974846,13.413508311028895,8.268132655343882,5.764561741583241,4.506848673941664,4.131871568601732,,15,8.720348293119583,7.500915490092363,4.623590105626157,3.2235780124341544,2.5202572098215055,2.310567730182413,19.0
,Cooking,Hob,,HOB,0.463,ACT_COOKING,0.06722999778206287,525600,35336.086834252244,0.06722999778206287,YES,0.47196350983623836,248064.0207699269,0.14244744854404168,2400,0.64,16,0,1,8.76,276.1058441358748,267.3458441358748,417.9020072986788,6686.432116778861,0,241377.58865314804,34383.62163935416,82.27675636594834,0.012154100917058847,127.83700583491004,1,0.3,0.463,0,0.0,0.0,0.0,0.0,0.0,0,0.0,0.0,0.0,0.0,0.0,20,276.1058441358748,276.1058441358748,276.1058441358748,276.1058441358748,276.1058441358748,276.1058441358748,276.1058441358748,,2400,2400,2400.0,2400.0,2400.0,2400.0,2400.0,,1,1,1.0,1.0,1.0,1.0,1.0,20.0
,,Oven,Electric Oven,OVEN,0.616,ACT_COOKING,0.06722999778206287,525600,35336.086834252244,0.06722999778206287,YES,0.47196350983623836,248064.0207699269,0.14244744854404168,2125,0.95625,27,0,3,26.28,236.16014568301978,209.88014568301978,219.7928010085033,5934.405627229588,0,242129.6151426973,34490.74589402799,156.92391077309952,0.006372515157654506,145.47464974074018,1,0.6,0.616,0.07759275683624077,0.10543622701548949,0.1459532666610196,0.19647067175035032,0.25524767096018036,0.29768119676727106,0,0.0,0.0,0.0,0.0,0.0,21,236.16014568301978,87.36,99.008,108.56299999999999,113.568,115.661,116.389,,2125,960,1088.0,1193.0,1248.0,1271.0,1279.0,,3,0,0.0,0.0,0.0,0.0,0.0,21.0
,,Microwave,Microwave,MICROWAVE,0.859,ACT_COOKING,0.06722999778206287,525600,35336.086834252244,0.06722999778206287,YES,0.47196350983623836,248064.0207699269,0.14244744854404168,1250,0.625,30,0,2,17.52,76.56245718212277,59.042457182122774,94.61932240724803,2838.579672217441,0,245225.44109770947,34931.73840245589,369.18187019039624,0.002708692058697994,65.76715071944346,1,1,0.859,0.10836229834026728,0.14325574322756726,0.19561791989983876,0.26045882631124423,0.33449122893801414,0.3872817559932406,0,0.0,0.0,0.0,0.0,0.0,22,76.56245718212277,72.216,68.376,65.304,63.768,63.0,63.0,,1250,1080,1080.0,1080.0,1080.0,1080.0,1080.0,,2,4.2,3.7,3.3,3.1,3.0,3.0,22.0
,,Kettle,,KETTLE,0.975,ACTIVE_OCC,0.47196350983623836,525600,248064.0207699269,0.47196350983623836,YES,0.47196350983623836,248064.0207699269,1,2000,0.1,3,0,1,8.76,160.66629547333386,151.90629547333387,1519.8228661664218,4559.468598499266,0,243504.55217142764,243504.55217142764,160.21903446264093,0.006241455663204455,156.64963808650052,1,1,0.975,0,0.0,0.0,0.0,0.0,0.0,0,0.0,0.0,0.0,0.0,0.0,23,160.66629547333386,160.66629547333386,160.66629547333386,160.66629547333386,160.66629547333386,160.66629547333386,160.66629547333386,,2000,2000,2000.0,2000.0,2000.0,2000.0,2000.0,,1,1,1.0,1.0,1.0,1.0,1.0,23.0
,,Small cooking (group),Toaster,SMALL_COOKING,1,ACT_COOKING,0.06722999778206287,525600,35336.086834252244,0.06722999778206287,YES,0.47196350983623836,248064.0207699269,0.14244744854404168,1000,0.05,3,0,2,17.52,32.107078579648714,14.587078579648715,292.3262240410564,876.9786721231692,0,247187.04209780373,35211.16345998076,120.45160702050272,0.008302089318158989,32.107078579648714,1,0.6,1,0.04816102148456324,0.07907717026161713,0.12770910832839213,0.1901619804556143,0.25775009910684876,0.3006431987251543,0,0.0,0.0,0.0,0.0,0.0,24,32.107078579648714,72.8,93.821,107.562,113.38600000000001,115.57,116.298,,1000,800,1031.0,1182.0,1246.0,1270.0,1278.0,,2,0,0.0,0.0,0.0,0.0,0.0,24.0
,Wet,Dish washer,,DISH_WASHER,0.335,ACT_COOKING,0.06722999778206287,525600,35336.086834252244,0.06722999778206287,YES,0.47196350983623836,248064.0207699269,0.14244744854404168,1130.6122448979593,1.1306122448979594,60,0,0,0,273.01616986258034,273.01616986258034,241.47639572683096,14488.583743609857,0,233575.43702631703,33272.225046958345,137.78665590403045,0.007257596851007897,91.46041690396441,0.8,0.2,0.335,0,0.0,0.0,0.0,0.0,0.0,0,0.0,0.0,0.0,0.0,0.0,25,273.01616986258034,273.01616986258034,273.01616986258034,273.01616986258034,273.01616986258034,273.01616986258034,273.01616986258034,,1130.6122448979593,1130.6122448979593,1130.6122448979593,1130.6122448979593,1130.6122448979593,1130.6122448979593,1130.6122448979593,,0,0,0.0,0.0,0.0,0.0,0.0,25.0
,,Tumble dryer,,TUMBLE_DRYER,0.416,ACT_LAUNDRY,0.008239631180411256,525600,4330.750148424157,0.008239631180411256,YES,0.47196350983623836,248064.0207699269,0.017458195408518423,2500,2.5,60,0,1,8.76,313.82021642995625,305.06021642995626,122.07291573827781,7324.374944296669,0,240739.64582563023,4202.879779401369,34.42925692388858,0.029045064847337865,130.5492100348618,0.8,0.2,0.416,0,0.0,0.0,0.0,0.0,0.0,0,0.0,0.0,0.0,0.0,0.0,26,313.82021642995625,313.82021642995625,313.82021642995625,313.82021642995625,313.82021642995625,313.82021642995625,313.82021642995625,,2500,2500,2500.0,2500.0,2500.0,2500.0,2500.0,,1,1,1.0,1.0,1.0,1.0,1.0,26.0
,,Washing machine,Washing Machine,WASHING_MACHINE,0.781,ACT_LAUNDRY,0.008239631180411256,525600,4330.750148424157,0.008239631180411256,YES,0.47196350983623836,248064.0207699269,0.017458195408518423,405.54347826086956,0.93275,138,0,1,8.76,191.04129212309613,182.28129212309614,195.90659586554477,27035.110229445178,0,221028.9105404817,3858.765911147667,19.69696780294231,0.050769235651114845,149.20324914813807,0.8,0.2,0.781,0.10033546142617342,0.16388457025233696,0.2584589097122222,0.37131154477589146,0.48463691773812023,0.5509323641662927,0.006070077174430063,0.012123329238714824,0.02419039027104639,0.04608576116715573,0.07702521493403008,0.10983135820064367,27,191.04129212309613,36.764,40.768,44.00874172185431,44.96578303747534,46.49777540106952,48.24071414242728,,405.54347826086956,43.913043478260875,48.69565217391304,52.56658112978297,53.7097265139457,55.539626613795406,57.621493242268606,,1,0,0.0,0.0,0.0,0.0,0.0,27.0
,,Washer dryer,,WASHER_DRYER,0.153,ACT_LAUNDRY,0.008239631180411256,525600,4330.750148424157,0.008239631180411256,YES,0.47196350983623836,248064.0207699269,0.017458195408518423,792.0347860576635,2.6137147939902894,198,0,1,8.76,520.157476087695,511.39747608769505,195.90659586554483,38789.50598137788,0,209274.51478854902,3653.5553732013673,18.649476078431203,0.053620809281421926,79.58409384141734,0.8,0.2,0.153,0,0.0,0.0,0.0,0.0,0.0,0,0.0,0.0,0.0,0.0,0.0,28,520.157476087695,520.157476087695,520.157476087695,520.157476087695,520.157476087695,520.157476087695,520.157476087695,,792.0347860576635,792.0347860576635,792.0347860576635,792.0347860576635,792.0347860576635,792.0347860576635,792.0347860576635,,1,1,1.0,1.0,1.0,1.0,1.0,28.0
,Water heating,DESWH Domestic electric storage water heater,,DESWH,0.17,ACTIVE_OCC,0.47196350983623836,525600,248064.0207699269,0.47196350983623836,YES,0.47196350983623836,248064.0207699269,1,3000,1,20,0,0,0,2684.996845589523,2684.996845589523,2684.996845589523,53699.936911790464,0,194364.08385813644,194364.08385813644,72.38894309220743,0.013814264406737121,456.44946375021897,1,0.1,0.17,0,0.0,0.0,0.0,0.0,0.0,0,0.0,0.0,0.0,0.0,0.0,29,2684.996845589523,2684.996845589523,2684.996845589523,2684.996845589523,2684.996845589523,2684.996845589523,2684.996845589523,,3000,3000,3000.0,3000.0,3000.0,3000.0,3000.0,,0,0,0.0,0.0,0.0,0.0,0.0,29.0
,,"E-INST, Instant electric hot water",,E_INST,0.01,ACTIVE_OCC,0.47196350983623836,525600,248064.0207699269,0.47196350983623836,YES,0.47196350983623836,248064.0207699269,1,3000,0.25,5,0,0,0,1802.158208860359,1802.158208860359,7208.632835441435,36043.164177207174,0,212020.85659271973,212020.85659271973,29.412075969567148,0.03399964018298831,18.02158208860359,1,0.1,0.01,0,0.0,0.0,0.0,0.0,0.0,0,0.0,0.0,0.0,0.0,0.0,30,1802.158208860359,1802.158208860359,1802.158208860359,1802.158208860359,1802.158208860359,1802.158208860359,1802.158208860359,,3000,3000,3000.0,3000.0,3000.0,3000.0,3000.0,,0,0,0.0,0.0,0.0,0.0,0.0,30.0
,,Electric shower,,ELEC_SHOWER,0.67,ACT_WASHDRESS,0.05962452133801478,525600,31338.64841526057,0.05962452133801478,YES,0.47196350983623836,248064.0207699269,0.12633290518307924,9000,0.45,3,0,0,0,130.67797755951602,130.67797755951602,290.3955056878134,871.1865170634402,0,247192.83425286345,31228.58889160362,107.53812741570313,0.009299027461528738,87.55424496487574,1,0.1,0.67,0,0.0,0.0,0.0,0.0,0.0,0,0.0,0.0,0.0,0.0,0.0,31,130.67797755951602,130.67797755951602,130.67797755951602,130.67797755951602,130.67797755951602,130.67797755951602,130.67797755951602,,9000,9000,9000.0,9000.0,9000.0,9000.0,9000.0,,0,0,0.0,0.0,0.0,0.0,0.0,31.0
,,,,,,Water fixture configuration,,,,,,,,,,,,,,,,,,,,,,,,,,,,,,,,,,,,,,,,,,,,,,,,,,,,,,,,,,,,,,,,
,,,,,Proportion,,,,,,,,,,,,,,,,,,,Time fixture,Time fixture,Time when,Time when ,Average tme ,Probability of ,Overall average demand,,,,,,,,,,,,,,,,,,,,,,,,,,,,,,,,,,,,,,,,
,,,,,of dwellings,Associated,Average,Total number,Average number,Probability of ,Active occupancy,Active,Number of minutes,Probability of,,,,Delay start,,,,,Target number,spent running,spent in delayed,fixture is,fixture could,between switch,switch on event,per dwelling taking,,,,,,,,,,,,,,,,,,,,,,,,,,,,,,,,,,,,,,,,
,,,,,with,activity use,activity,of minutes,of minutes activity,activity occurring,dependent?,occupancy-dependent,in which fixture,activity occurring ,Mean cycle,Mean cycle,Mean cycle ,after cycle,Standing loss,Standing loss,Target demand,Target demand,of cycles,in period,restart mode,available to ,be switched on,on events,,ownership into,,,,,,,,,,,,,,,,,,,,,,,,,,,,,,,,,,,,,,,,
,,Water fixture type,,Short name,appliance,profile,probability,in period,performed in period,,,probability,can operate,given active,flow rate,flow volume,duration,has finished,flow rate,volume for period,for period,for cycles only,in period,,,switch on,due to activity occurring,,,account,,,,,,,,,,,,,,,,,,,,,,,,,,,,,,,,,,,,,,,,
,,,,,,,,(minutes/day),(minutes/day),,,multiplier,(min),occupancy,(litres/min),(litre),(min),(min),(litres/min),(litres),(litres/day),(litres/day),(cycles/day),(min),(min),(min),(min),(min),,(litres/day),,,,,,,,,,,,,,,,,,,,,,,,,,,,,,,,,,,,,,,,
,,Basin,,BASIN,0.994,ACT_WASHDRESS,0.05962452133801478,1440,85.85931072674128,0.05962452133801478,YES,0.47196350983623836,679.6274541641833,0.12633290518307924,3.54,2.3,0.6497175141242937,0,0,0,22,22,9.56521739130435,6.214689265536723,0,673.4127648986465,85.07419097701595,8.894119965778938,0.11243383312206326,21.868,,,,,,,,,,,,,,,,,,,,,,,,,,,,,,,,,,,,,,,,
,,Sink,,SINK,1,ACT_COOKING,0.06722999778206287,1440,96.81119680617054,0.06722999778206287,YES,0.47196350983623836,679.6274541641833,0.14244744854404168,3.54,2.3,0.6497175141242937,0,0,0,31,31,13.478260869565219,8.757062146892654,0,670.8703920172907,95.56377564660409,7.09021561248998,0.14103943443390074,31,,,,,,,,,,,,,,,,,,,,,,,,,,,,,,,,,,,,,,,,
,,Shower,,SHOWER,0.9969999999999999,ACT_WASHDRESS,0.05962452133801478,1440,85.85931072674128,0.05962452133801478,YES,0.47196350983623836,679.6274541641833,0.12633290518307924,9.26,25.7,2.775377969762419,0,0,0,32.04600777124641,32.04600777124641,1.2469263724220392,3.460691983935897,0,676.1667621802474,85.42211145446689,68.50613905016888,0.014597231924976434,31.949869747932667,,,,,,,,,,,,,,,,,,,,,,,,,,,,,,,,,,,,,,,,
,,Bath,,BATH,0.916,ACT_WASHDRESS,0.05962452133801478,1440,85.85931072674128,0.05962452133801478,YES,0.47196350983623836,679.6274541641833,0.12633290518307924,9.26,73.3,7.915766738660907,20,0,0,38,38,0.5184174624829468,4.1036717062634995,10.368349249658937,665.1554332082608,84.03101827550921,162.09141156828485,0.006169358328887933,34.808,,,,,,,,,,,,,,,,,,,,,,,,,,,,,,,,,,,,,,,,
,Lighting,Lighting,,,1,,,,,,,,,,,,,,,,,,,,,,,,,,,,,,,,,,,,,,,,,,,,,,,,,,,,,,,,,,,,,,,,,
,TOTALS,Lighting,,715,kWh/year,,,,,,,,,,,,,,,,,,,,,,,,,,,,,,,,,,,,,,,,,,,,,,,,,,,,,,,,,,,,,,,,,
,,Appliances,,3181.7657491511723,kWh/year,,,,,,,,,,,,,,,,,,,,,,,,,,,,,,,,,,,,,,,,,,,,,,,,,,,,,,,,,,,,,,,,,
,,Hot water,,119.62586974793265,litres/day,,,,,,,,,,,,,,,,,,,,,,,,,,,,,,,,,,,,,,,,,,,,,,,,,,,,,,,,,,,,,,,,,
,,,,,,,,,,,,,,,,,,,,,,,,,,,,,,,,,,,,,,,,,,,,,,,,,,,,,,,,,,,,,,,,,,,,,,
,Data and information references: note that the energy related numbers assumed for this model are based upon input or derived from the following sources:,,,,,,,,,,,,,,,,,,,,,,,,,,,,,,,,,,,,,,,,,,,,,,,,,,,,,,,,,,,,,,,,,,,,,
,,,,,,,,,,,,,,,,,,,,,,,,,,,,,,,,,,,,,,,,,,,,,,,,,,,,,,,,,,,,,,,,,,,,,,
1.0,"UK Market Transformation Programme, Department for Environment, Food and Rural Affairs, Smith Square, London, UK, http://www.mtprog.com/.  Crown Copyright.",,,,,,,,,,,,,,,,,,,,,,,,,,,,,,,,,,,,,,,,,,,,,,,,,,,,,,,,,,,,,,,,,,,,,
,"BN DW Shower: Actions to improve shower desidn and efficiency - Briefing Note relating to policy scenario objectives in Policy Brief (Version 2.0), 2006",,,,,,,,,,,,,,,,,,,,,,,,,,,,,,,,,,,,,,,,,,,,,,,,,,,,,,,,,,,,,,,,,,,,,
,"BNXS30: Vacuum cleaners - UK market, technologies, energy use, test methods and waste (Version 1.7), 2006",,,,,,,,,,,,,,,,,,,,,,,,,,,,,,,,,,,,,,,,,,,,,,,,,,,,,,,,,,,,,,,,,,,,,
,"BNW06: Assumptions underlying the energy projections for domestic tumble dryers (Version 3.1), 2006",,,,,,,,,,,,,,,,,,,,,,,,,,,,,,,,,,,,,,,,,,,,,,,,,,,,,,,,,,,,,,,,,,,,,
,"BNCK07: Comparing energy use in microwave ovens with traditional electric fuelled methods (Version 1.1), 2006",,,,,,,,,,,,,,,,,,,,,,,,,,,,,,,,,,,,,,,,,,,,,,,,,,,,,,,,,,,,,,,,,,,,,
,"BNCK06: Trends in kettle type and usage and possible impact on energy consumption (Version 2.1), 2006",,,,,,,,,,,,,,,,,,,,,,,,,,,,,,,,,,,,,,,,,,,,,,,,,,,,,,,,,,,,,,,,,,,,,
,"BNXS36: Estimated UK standby electricity consumption in 2006 (Version 2.2), 2006",,,,,,,,,,,,,,,,,,,,,,,,,,,,,,,,,,,,,,,,,,,,,,,,,,,,,,,,,,,,,,,,,,,,,
,"Policy brief: Improving the energy performance of domestic cold appliance, 2008",,,,,,,,,,,,,,,,,,,,,,,,,,,,,,,,,,,,,,,,,,,,,,,,,,,,,,,,,,,,,,,,,,,,,
,"BNW07: Assumptions underlying the energy projections for domestic dishwashers (Version 3.1), 2006",,,,,,,,,,,,,,,,,,,,,,,,,,,,,,,,,,,,,,,,,,,,,,,,,,,,,,,,,,,,,,,,,,,,,
,"BNWAT24: Performance and efficiency: reviewing and defining showers (Version 1.0), 2008",,,,,,,,,,,,,,,,,,,,,,,,,,,,,,,,,,,,,,,,,,,,,,,,,,,,,,,,,,,,,,,,,,,,,
,"BNW05: Assumptions underlying the energy projections for domestic washing machines (Version 3.1), 2006",,,,,,,,,,,,,,,,,,,,,,,,,,,,,,,,,,,,,,,,,,,,,,,,,,,,,,,,,,,,,,,,,,,,,
,"BNTV01: Televisions: Future Stock and Energy Trends (Version 3.1), 2005",,,,,,,,,,,,,,,,,,,,,,,,,,,,,,,,,,,,,,,,,,,,,,,,,,,,,,,,,,,,,,,,,,,,,
,"BNDA3: Digital TV adapters in the UK - rationale/assumptions for projecting future energy consumption (Version 1.1), 2005",,,,,,,,,,,,,,,,,,,,,,,,,,,,,,,,,,,,,,,,,,,,,,,,,,,,,,,,,,,,,,,,,,,,,
,"Policy brief: Improving the energy performance of consumer electronics products, 2008",,,,,,,,,,,,,,,,,,,,,,,,,,,,,,,,,,,,,,,,,,,,,,,,,,,,,,,,,,,,,,,,,,,,,
,"Policy brief: Improving the energy performance of information and communication technology products, 2008",,,,,,,,,,,,,,,,,,,,,,,,,,,,,,,,,,,,,,,,,,,,,,,,,,,,,,,,,,,,,,,,,,,,,
,,,,,,,,,,,,,,,,,,,,,,,,,,,,,,,,,,,,,,,,,,,,,,,,,,,,,,,,,,,,,,,,,,,,,,
2.0,"  UK Department of Energy and Climate Change, Energy Consumption in the UK, Domestic data tables, A National Statistics Publication. ",,,,,,,,,,,,,,,,,,,,,,,,,,,,,,,,,,,,,,,,,,,,,,,,,,,,,,,,,,,,,,,,,,,,,
,"Energy consumption in the UK, Domestic Energy Consumption in the UK",,,,,,,,,,,,,,,,,,,,,,,,,,,,,,,,,,,,,,,,,,,,,,,,,,,,,,,,,,,,,,,,,,,,,
,http://www.decc.gov.uk/en/content/cms/statistics/publications/ecuk/ecuk.aspx,,,,,,,,,,,,,,,,,,,,,,,,,,,,,,,,,,,,,,,,,,,,,,,,,,,,,,,,,,,,,,,,,,,,,
,Table 3.6: Domestic energy consumption by end use,,,,,,,,,,,,,,,,,,,,,,,,,,,,,,,,,,,,,,,,,,,,,,,,,,,,,,,,,,,,,,,,,,,,,
,Table 3.7: Domestic energy consumption by end use and fuel,,,,,,,,,,,,,,,,,,,,,,,,,,,,,,,,,,,,,,,,,,,,,,,,,,,,,,,,,,,,,,,,,,,,,
,Table 3.10: Total electricity consumption by household domestic appliances,,,,,,,,,,,,,,,,,,,,,,,,,,,,,,,,,,,,,,,,,,,,,,,,,,,,,,,,,,,,,,,,,,,,,
,Table 3.12: Percentage of households owning domestic appliances,,,,,,,,,,,,,,,,,,,,,,,,,,,,,,,,,,,,,,,,,,,,,,,,,,,,,,,,,,,,,,,,,,,,,
,Table 3.14: Households with central heating by type in Great Britain,,,,,,,,,,,,,,,,,,,,,,,,,,,,,,,,,,,,,,,,,,,,,,,,,,,,,,,,,,,,,,,,,,,,,
,,,,,,,,,,,,,,,,,,,,,,,,,,,,,,,,,,,,,,,,,,,,,,,,,,,,,,,,,,,,,,,,,,,,,,
3.0," T. Fawcett, K. Lane, B. Boardman, et al., Lower Carbon Futures for European Households, Environmental Change Institute (ECI), University of Oxford, UK. 2000",,,,,,,,,,,,,,,,,,,,,,,,,,,,,,,,,,,,,,,,,,,,,,,,,,,,,,,,,,,,,,,,,,,,,
4.0," 40% House, B. Boardman et al., Environmental Change Institute, University of Oxford, 2005.",,,,,,,,,,,,,,,,,,,,,,,,,,,,,,,,,,,,,,,,,,,,,,,,,,,,,,,,,,,,,,,,,,,,,
5.0,"Office for National Statistics, Social Trends No. 37 (2007 Edition), Table 2.1 Households by Size, Crown Copyright 2007",,,,,,,,,,,,,,,,,,,,,,,,,,,,,,,,,,,,,,,,,,,,,,,,,,,,,,,,,,,,,,,,,,,,,
6.0,"UK Ofcom, Southwark Bridge Road, London, http://www.ofcom.org.uk/research/. ",,,,,,,,,,,,,,,,,,,,,,,,,,,,,,,,,,,,,,,,,,,,,,,,,,,,,,,,,,,,,,,,,,,,,
7.0,"The Energy Saving Trust, Domestic heating by electricity (2006 edition), CE185, 2006.",,,,,,,,,,,,,,,,,,,,,,,,,,,,,,,,,,,,,,,,,,,,,,,,,,,,,,,,,,,,,,,,,,,,,
8.0,"J. Paatero, P. Lund, A model for generating household electricity load profiles, International Journal of Energy Research 30 (5) (2006) 273–290.",,,,,,,,,,,,,,,,,,,,,,,,,,,,,,,,,,,,,,,,,,,,,,,,,,,,,,,,,,,,,,,,,,,,,
9.0,"M. Newborough, p. Augood, Demand-side management opportunities for the UK domestic sector, IEE Proceedings - Generation, Transmission and Distribution, Vol. 146, No. 3, May 1999",,,,,,,,,,,,,,,,,,,,,,,,,,,,,,,,,,,,,,,,,,,,,,,,,,,,,,,,,,,,,,,,,,,,,
10.0,"G. Wood, M. Newborough, Dynamic energy-consumption indicators for domestic appliances: environment, behaviour and design, Energy and Buildings, Volume 35, Issue 8, September 2003, Pages 821-841, ISSN 0378-7788, DOI: 10.1016/S0378-7788(02)00241-4.",,,,,,,,,,,,,,,,,,,,,,,,,,,,,,,,,,,,,,,,,,,,,,,,,,,,,,,,,,,,,,,,,,,,,
11.0,"Clarke, A., Grant, N., Thornton, J., 2009 Quantifying the energy and carbon effects of water saving: Final Report for the Environment Agency and Energy Saving Trust. ",,,,,,,,,,,,,,,,,,,,,,,,,,,,,,,,,,,,,,,,,,,,,,,,,,,,,,,,,,,,,,,,,,,,,
,,,,,,,,,,,,,,,,,,,,,,,,,,,,,,,,,,,,,,,,,,,,,,,,,,,,,,,,,,,,,,,,,,,,,,
12.0,‘RESIDENTIAL CONSUMPTION OF ELECTRICITY IN INDIA DOCUMENTATION OF DATA AND METHODOLOGY’,,,,,,,,,,,,,,,,,,,,,,,,,,,,,,,,,,,,,,,,,,,,,,,,,,,,,,,,,,,,,,,,,,,,,
,"Background Paper, ‘India: Strategies for Low Carbon Growth’, DRAFT July 2008, The World Bank",,,,,,,,,,,,,,,,,,,,,,,,,,,,,,,,,,,,,,,,,,,,,,,,,,,,,,,,,,,,,,,,,,,,,
,www.moef.nic.in/downloads/public-information/Residentialpowerconsumption.pdf,,,,,,,,,,,,,,,,,,,,,,,,,,,,,,,,,,,,,,,,,,,,,,,,,,,,,,,,,,,,,,,,,,,,,
,"Table 1: Population and Urbanization, 2006-2030",,,,,,,,,,,,,,,,,,,,,,,,,,,,,,,,,,,,,,,,,,,,,,,,,,,,,,,,,,,,,,,,,,,,,
,"Table 4: Household Size Projection and Household Urbanization, 2006-2031",,,,,,,,,,,,,,,,,,,,,,,,,,,,,,,,,,,,,,,,,,,,,,,,,,,,,,,,,,,,,,,,,,,,,
,Table 9: Population of Entertainment Appliances (millions),,,,,,,,,,,,,,,,,,,,,,,,,,,,,,,,,,,,,,,,,,,,,,,,,,,,,,,,,,,,,,,,,,,,,
,Table 10: Population of Kitchen Appliances (millions),,,,,,,,,,,,,,,,,,,,,,,,,,,,,,,,,,,,,,,,,,,,,,,,,,,,,,,,,,,,,,,,,,,,,
,Table 11:Population of Heating / Cooling Appliances (millions) used later in heating and cooling models,,,,,,,,,,,,,,,,,,,,,,,,,,,,,,,,,,,,,,,,,,,,,,,,,,,,,,,,,,,,,,,,,,,,,
,Table 13: Parc Average Operating per-Unit Power Consumption,,,,,,,,,,,,,,,,,,,,,,,,,,,,,,,,,,,,,,,,,,,,,,,,,,,,,,,,,,,,,,,,,,,,,
,Table 14: Parc Average Standby per-Unit Power Consumption,,,,,,,,,,,,,,,,,,,,,,,,,,,,,,,,,,,,,,,,,,,,,,,,,,,,,,,,,,,,,,,,,,,,,
,Table 15: Parc Average per-Unit Annual Operating Time,,,,,,,,,,,,,,,,,,,,,,,,,,,,,,,,,,,,,,,,,,,,,,,,,,,,,,,,,,,,,,,,,,,,,
,"All the above are for scenario 1. Energy efficiency improvments are available in some appliances under scenario 2, not counting the rebound effect.",,,,,,,,,,,,,,,,,,,,,,,,,,,,,,,,,,,,,,,,,,,,,,,,,,,,,,,,,,,,,,,,,,,,,
,,,,,,,,,,,,,,,,,,,,,,,,,,,,,,,,,,,,,,,,,,,,,,,,,,,,,,,,,,,,,,,,,,,,,,
,,,,,,,,,,,,,,,,,,,,,,,,,,,,,,,,,,,,,,,,,,,,,,,,,,,,,,,,,,,,,,,,,,,,,,
,,,,,,,,,,,,,,,,,,,,,,,,,,,,,,,,,,,,,,,,,,,,,,,,,,,,,,,,,,,,,,,,,,,,,,
